,,find,none,affirmative,greetings,move,clarify,bye,deny,show,pick up,macro avg,weighted avg,pipeline,split
1,precision,0.9310344827586201,0.8125,0.7826086956521741,0.8888888888888881,0.892857142857142,1.0,0.9166666666666661,0.9473684210526311,1.0,0.8043478260869561,0.897627212396308,0.8995474432572681,custom,0
1,recall,0.9642857142857141,0.764705882352941,0.8571428571428571,0.8888888888888881,0.7812500000000001,0.9310344827586201,1.0,0.9,0.9354838709677411,0.925,0.8947791696396761,0.894957983193277,custom,0
1,f1-score,0.9473684210526311,0.7878787878787881,0.818181818181818,0.8888888888888881,0.833333333333333,0.9642857142857141,0.956521739130434,0.923076923076923,0.9666666666666661,0.8604651162790691,0.894666740877426,0.895384767462127,custom,0
2,precision,0.925925925925925,0.8571428571428571,0.875,0.8888888888888881,0.8484848484848481,0.9032258064516121,0.6666666666666661,0.9444444444444441,0.96551724137931,0.8684210526315791,0.8743717732016131,0.887006373303405,custom,0
2,recall,0.892857142857142,0.7058823529411761,1.0,0.8888888888888881,0.875,0.96551724137931,0.9090909090909091,0.85,0.9032258064516121,0.8250000000000001,0.881546234160903,0.8823529411764701,custom,0
2,f1-score,0.9090909090909091,0.7741935483870961,0.9333333333333331,0.8888888888888881,0.861538461538461,0.9333333333333331,0.769230769230769,0.894736842105263,0.9333333333333331,0.846153846153846,0.8743833265395231,0.8823004020846821,custom,0
3,precision,0.9642857142857141,0.6666666666666661,0.7619047619047611,1.0,0.9,1.0,0.75,0.642857142857142,0.96551724137931,0.829268292682926,0.848049981977652,0.8627825310107221,custom,0
3,recall,0.9642857142857141,0.8235294117647051,0.7619047619047611,0.6666666666666661,0.8437500000000001,0.896551724137931,0.5454545454545451,0.9,0.9032258064516121,0.85,0.815536863066593,0.8487394957983191,custom,0
3,f1-score,0.9642857142857141,0.7368421052631571,0.7619047619047611,0.8,0.8709677419354841,0.9454545454545451,0.631578947368421,0.75,0.9333333333333331,0.839506172839506,0.823387332238492,0.850741235367887,custom,0
1,precision,0.9615384615384611,0.8,0.772727272727272,0.8888888888888881,0.892857142857142,0.9642857142857141,0.846153846153846,0.8571428571428571,1.0,0.7659574468085101,0.8749551630402691,0.8797265178947631,custom,10
1,recall,0.892857142857142,0.7058823529411761,0.8095238095238091,0.8888888888888881,0.7812500000000001,0.9310344827586201,1.0,0.9,0.9354838709677411,0.9,0.874492054793737,0.8739495798319321,custom,10
1,f1-score,0.925925925925925,0.7500000000000001,0.7906976744186041,0.8888888888888881,0.833333333333333,0.9473684210526311,0.9166666666666661,0.8780487804878041,0.9666666666666661,0.827586206896551,0.8725182564337071,0.874518285090452,custom,10
2,precision,0.925925925925925,0.8,0.875,0.8888888888888881,0.8571428571428571,0.9,0.6666666666666661,0.9411764705882351,0.9032258064516121,0.8857142857142851,0.864374090137847,0.8782139980175071,custom,10
2,recall,0.892857142857142,0.7058823529411761,1.0,0.8888888888888881,0.9375,0.9310344827586201,0.9090909090909091,0.8,0.9032258064516121,0.775,0.874347958298834,0.8739495798319321,custom,10
2,f1-score,0.9090909090909091,0.7500000000000001,0.9333333333333331,0.8888888888888881,0.8955223880597011,0.915254237288135,0.769230769230769,0.864864864864864,0.9032258064516121,0.8266666666666661,0.865607786387488,0.8732316688206481,custom,10
3,precision,0.9310344827586201,0.65,0.8095238095238091,1.0,0.896551724137931,1.0,0.5,0.6666666666666661,0.96551724137931,0.8250000000000001,0.824429392446633,0.8511470105283491,custom,10
3,recall,0.9642857142857141,0.764705882352941,0.8095238095238091,0.6666666666666661,0.8125,0.9310344827586201,0.45454545454545403,0.9,0.9032258064516121,0.8250000000000001,0.803148781658481,0.8403361344537811,custom,10
3,f1-score,0.9473684210526311,0.7027027027027021,0.8095238095238091,0.8,0.852459016393442,0.9642857142857141,0.47619047619047605,0.7659574468085101,0.9333333333333331,0.8250000000000001,0.807682092029062,0.842041233117203,custom,10
1,precision,0.866666666666666,0.764705882352941,0.8095238095238091,0.777777777777777,0.923076923076923,0.9310344827586201,0.9166666666666661,0.8571428571428571,1.0,0.777777777777777,0.862437284374404,0.8703463436656711,custom,30
1,recall,0.928571428571428,0.764705882352941,0.8095238095238091,0.777777777777777,0.75,0.9310344827586201,1.0,0.9,0.9032258064516121,0.875,0.863983918743619,0.8655462184873951,custom,30
1,f1-score,0.896551724137931,0.764705882352941,0.8095238095238091,0.777777777777777,0.827586206896551,0.9310344827586201,0.956521739130434,0.8780487804878041,0.949152542372881,0.8235294117647061,0.8614432357203451,0.8656883484071011,custom,30
2,precision,0.925925925925925,0.8571428571428571,0.826086956521739,0.8888888888888881,0.8787878787878781,0.875,0.6666666666666661,0.8888888888888881,0.96551724137931,0.8684210526315791,0.8641326356833731,0.878657060523764,custom,30
2,recall,0.892857142857142,0.7058823529411761,0.9047619047619041,0.8888888888888881,0.9062500000000001,0.96551724137931,0.9090909090909091,0.8,0.9032258064516121,0.8250000000000001,0.870147424637094,0.8739495798319321,custom,30
2,f1-score,0.9090909090909091,0.7741935483870961,0.8636363636363631,0.8888888888888881,0.892307692307692,0.918032786885245,0.769230769230769,0.842105263157894,0.9333333333333331,0.846153846153846,0.8636973401072041,0.8740005348369391,custom,30
3,precision,0.928571428571428,0.636363636363636,0.7142857142857141,1.0,0.884615384615384,0.9642857142857141,0.625,0.7272727272727271,1.0,0.6875,0.8167894605394601,0.8277756906958581,custom,30
3,recall,0.928571428571428,0.8235294117647051,0.7142857142857141,0.8888888888888881,0.7187500000000001,0.9310344827586201,0.45454545454545403,0.8,0.8709677419354831,0.8250000000000001,0.795557312275029,0.8151260504201681,custom,30
3,f1-score,0.928571428571428,0.7179487179487181,0.7142857142857141,0.9411764705882351,0.7931034482758621,0.9473684210526311,0.5263157894736841,0.7619047619047621,0.9310344827586201,0.75,0.8011709234859651,0.816883818838652,custom,30
1,precision,0.8125,0.5882352941176471,0.8,0.75,0.9615384615384611,0.8709677419354831,0.9090909090909091,0.772727272727272,0.96551724137931,0.833333333333333,0.8263910254122411,0.8447319687226771,custom,50
1,recall,0.928571428571428,0.5882352941176471,0.7619047619047611,0.6666666666666661,0.7812500000000001,0.9310344827586201,0.9090909090909091,0.85,0.9032258064516121,0.875,0.8194979349561641,0.8403361344537811,custom,50
1,f1-score,0.866666666666666,0.5882352941176471,0.780487804878048,0.7058823529411761,0.8620689655172411,0.9,0.9090909090909091,0.8095238095238091,0.9333333333333331,0.8536585365853651,0.8208947672654191,0.8401941581065211,custom,50
2,precision,0.8620689655172411,0.555555555555555,0.9473684210526311,1.0,0.8125,0.8484848484848481,0.75,0.842105263157894,1.0,0.6888888888888881,0.8306971942657061,0.826600141789103,custom,50
2,recall,0.892857142857142,0.5882352941176471,0.8571428571428571,0.6666666666666661,0.8125,0.96551724137931,0.818181818181818,0.8,0.8064516129032251,0.775,0.7982552633248661,0.8151260504201681,custom,50
2,f1-score,0.8771929824561401,0.5714285714285711,0.9,0.8,0.8125,0.9032258064516121,0.7826086956521731,0.82051282051282,0.892857142857142,0.7294117647058821,0.808973778406434,0.8169883684428211,custom,50
3,precision,0.7741935483870961,0.5,0.652173913043478,1.0,0.923076923076923,0.962962962962962,1.0,0.620689655172413,0.9642857142857141,0.6818181818181811,0.8079200898746771,0.802171581983915,custom,50
3,recall,0.8571428571428571,0.47058823529411703,0.7142857142857141,1.0,0.75,0.896551724137931,0.45454545454545403,0.9,0.8709677419354831,0.75,0.7664081727341551,0.781512605042016,custom,50
3,f1-score,0.813559322033898,0.48484848484848403,0.6818181818181811,1.0,0.827586206896551,0.928571428571428,0.625,0.73469387755102,0.915254237288135,0.7142857142857141,0.7725617453293411,0.7826251453999891,custom,50
1,precision,0.5666666666666661,0.375,0.55,0.8571428571428571,0.92,0.7931034482758621,0.9090909090909091,0.68,0.8,0.621621621621621,0.707262550279791,0.7025664590160381,custom,70
1,recall,0.6071428571428571,0.529411764705882,0.5238095238095231,0.6666666666666661,0.7187500000000001,0.7931034482758621,0.9090909090909091,0.85,0.7741935483870961,0.5750000000000001,0.694716871807879,0.684873949579831,custom,70
1,f1-score,0.5862068965517241,0.43902439024390205,0.536585365853658,0.75,0.8070175438596491,0.7931034482758621,0.9090909090909091,0.7555555555555551,0.7868852459016391,0.597402597402597,0.696087195273549,0.689582854849563,custom,70
2,precision,0.928571428571428,0.4,0.8888888888888881,0.33333333333333304,0.866666666666666,0.7419354838709671,0.0,0.45833333333333304,0.8695652173913041,0.5666666666666661,0.605396101872258,0.682798252540848,custom,70
2,recall,0.464285714285714,0.8235294117647051,0.7619047619047611,0.11111111111111101,0.8125,0.7931034482758621,0.0,0.55,0.6451612903225801,0.85,0.5811595737664731,0.663865546218487,custom,70
2,f1-score,0.6190476190476191,0.538461538461538,0.82051282051282,0.16666666666666602,0.8387096774193541,0.766666666666666,0.0,0.5,0.74074074074074,0.68,0.56708057295154,0.648961994502791,custom,70
3,precision,0.7000000000000001,0.35714285714285704,0.6071428571428571,0.777777777777777,0.842105263157894,0.892857142857142,0.833333333333333,0.5,0.892857142857142,0.45161290322580605,0.685482927749481,0.6855941527714651,custom,70
3,recall,0.5,0.29411764705882304,0.8095238095238091,0.777777777777777,0.5,0.8620689655172411,0.45454545454545403,0.6000000000000001,0.8064516129032251,0.7000000000000001,0.6304485267326331,0.647058823529411,custom,70
3,f1-score,0.583333333333333,0.32258064516129004,0.693877551020408,0.777777777777777,0.6274509803921561,0.8771929824561401,0.5882352941176471,0.5454545454545451,0.847457627118643,0.5490196078431371,0.641238034467508,0.6492323976263421,custom,70
1,precision,0.8888888888888881,0.583333333333333,0.9411764705882351,0.625,0.833333333333333,0.8387096774193541,1.0,0.9,0.9666666666666661,0.8235294117647051,0.8400637781994511,0.854468432715856,mitie,0
1,recall,0.8571428571428571,0.875,0.7619047619047611,0.555555555555555,0.9375,0.896551724137931,0.9090909090909091,0.9,0.9354838709677411,0.7000000000000001,0.8328229678799751,0.8438818565400841,mitie,0
1,f1-score,0.872727272727272,0.7000000000000001,0.842105263157894,0.5882352941176471,0.8823529411764701,0.866666666666666,0.9523809523809521,0.9,0.950819672131147,0.756756756756756,0.8312044819114801,0.8447476364693881,mitie,0
2,precision,0.827586206896551,0.5714285714285711,0.866666666666666,0.636363636363636,0.9032258064516121,0.892857142857142,1.0,0.9090909090909091,0.8437500000000001,0.74,0.8190968939755091,0.826905885208271,mitie,0
2,recall,0.8571428571428571,0.5,0.6190476190476191,0.777777777777777,0.875,0.8620689655172411,0.45454545454545403,1.0,0.8709677419354831,0.925,0.7741550415966431,0.8185654008438811,mitie,0
2,f1-score,0.842105263157894,0.533333333333333,0.7222222222222221,0.7000000000000001,0.8888888888888881,0.8771929824561401,0.625,0.9523809523809521,0.8571428571428571,0.8222222222222221,0.782048872180451,0.813691665873544,mitie,0
3,precision,0.846153846153846,0.6875,0.9047619047619041,0.6666666666666661,0.769230769230769,0.7741935483870961,0.8,0.9444444444444441,0.9,0.729729729729729,0.8022680909374451,0.808174613033739,mitie,0
3,recall,0.785714285714285,0.6875,0.9047619047619041,0.6666666666666661,0.9375,0.827586206896551,0.7272727272727271,0.85,0.8709677419354831,0.675,0.793296953324761,0.8059071729957801,mitie,0
3,f1-score,0.8148148148148141,0.6875,0.9047619047619041,0.6666666666666661,0.845070422535211,0.799999999999999,0.7619047619047621,0.894736842105263,0.885245901639344,0.7012987012987011,0.796200001572666,0.805178601526442,mitie,0
1,precision,0.8571428571428571,0.636363636363636,0.8823529411764701,0.833333333333333,0.8285714285714281,0.827586206896551,0.875,0.8695652173913041,0.833333333333333,0.8484848484848481,0.829173380269376,0.8333947142673541,mitie,10
1,recall,0.8571428571428571,0.875,0.7142857142857141,0.555555555555555,0.9062500000000001,0.827586206896551,0.636363636363636,1.0,0.9677419354838711,0.7000000000000001,0.803992590572818,0.827004219409282,mitie,10
1,f1-score,0.8571428571428571,0.7368421052631571,0.7894736842105261,0.6666666666666661,0.865671641791044,0.827586206896551,0.7368421052631571,0.9302325581395341,0.8955223880597011,0.7671232876712321,0.807310350110443,0.8237382001997061,mitie,10
2,precision,0.8064516129032251,0.6000000000000001,0.923076923076923,0.7000000000000001,0.875,0.925925925925925,1.0,0.826086956521739,0.8620689655172411,0.725490196078431,0.824410058002348,0.8269307903053331,mitie,10
2,recall,0.892857142857142,0.5625,0.5714285714285711,0.777777777777777,0.875,0.8620689655172411,0.5454545454545451,0.9500000000000001,0.8064516129032251,0.925,0.7768538615938501,0.814345991561181,mitie,10
2,f1-score,0.847457627118643,0.5806451612903221,0.7058823529411761,0.7368421052631571,0.875,0.892857142857142,0.7058823529411761,0.883720930232558,0.833333333333333,0.8131868131868131,0.7874807819164321,0.810831358606613,mitie,10
3,precision,0.807692307692307,0.642857142857142,0.8,0.6666666666666661,0.75,0.696969696969697,0.7272727272727271,0.8571428571428571,0.9,0.75,0.759860139860139,0.771966570700747,mitie,10
3,recall,0.75,0.5625,0.7619047619047611,0.44444444444444403,0.9375,0.7931034482758621,0.7272727272727271,0.9,0.8709677419354831,0.675,0.742269312383328,0.7721518987341771,mitie,10
3,f1-score,0.777777777777777,0.6000000000000001,0.780487804878048,0.533333333333333,0.833333333333333,0.7419354838709671,0.7272727272727271,0.8780487804878041,0.885245901639344,0.710526315789473,0.746796145838281,0.768672863170026,mitie,10
1,precision,0.696969696969697,0.565217391304347,0.8125,0.8571428571428571,0.756756756756756,0.75,1.0,0.7894736842105261,0.833333333333333,0.7741935483870961,0.783558726810461,0.771696964808231,mitie,30
1,recall,0.8214285714285711,0.8125,0.6190476190476191,0.6666666666666661,0.875,0.7241379310344821,0.636363636363636,0.75,0.9677419354838711,0.6000000000000001,0.7472886360024841,0.7594936708860761,mitie,30
1,f1-score,0.7540983606557371,0.6666666666666661,0.7027027027027021,0.75,0.8115942028985501,0.7368421052631581,0.777777777777777,0.769230769230769,0.8955223880597011,0.676056338028169,0.7540491311283231,0.7568406394865721,mitie,30
2,precision,0.8,0.6000000000000001,0.8,0.8571428571428571,0.75,0.8,1.0,0.7307692307692301,0.8148148148148141,0.622641509433962,0.777536841216086,0.7573611390982621,mitie,30
2,recall,0.7142857142857141,0.5625,0.5714285714285711,0.6666666666666661,0.75,0.827586206896551,0.636363636363636,0.9500000000000001,0.7096774193548381,0.8250000000000001,0.7213508214995971,0.7426160337552741,mitie,30
2,f1-score,0.7547169811320751,0.5806451612903221,0.6666666666666661,0.75,0.75,0.813559322033898,0.777777777777777,0.826086956521739,0.758620689655172,0.7096774193548381,0.7387750974432491,0.741549583252407,mitie,30
3,precision,0.74074074074074,0.5625,0.75,0.75,0.69047619047619,0.678571428571428,0.8571428571428571,0.8095238095238091,0.8064516129032251,0.6756756756756751,0.7321082315033921,0.7243064342220461,mitie,30
3,recall,0.7142857142857141,0.5625,0.7142857142857141,0.6666666666666661,0.9062500000000001,0.6551724137931031,0.5454545454545451,0.85,0.8064516129032251,0.625,0.704606666738896,0.7215189873417721,mitie,30
3,f1-score,0.7272727272727271,0.5625,0.73170731707317,0.7058823529411761,0.7837837837837831,0.6666666666666661,0.6666666666666661,0.829268292682926,0.8064516129032251,0.649350649350649,0.7129550069340991,0.7189433365994761,mitie,30
1,precision,0.72,0.5,0.8571428571428571,0.6666666666666661,0.675,0.628571428571428,1.0,0.7619047619047611,0.75,0.6875,0.7246785714285711,0.7129817158931081,mitie,50
1,recall,0.642857142857142,0.5625,0.5714285714285711,0.6666666666666661,0.8437500000000001,0.758620689655172,0.636363636363636,0.8,0.8709677419354831,0.55,0.6903154448906671,0.70042194092827,mitie,50
1,f1-score,0.6792452830188671,0.529411764705882,0.685714285714285,0.6666666666666661,0.75,0.6875,0.777777777777777,0.780487804878048,0.8059701492537311,0.611111111111111,0.697388484312637,0.697982223140291,mitie,50
2,precision,0.5882352941176471,0.384615384615384,0.8125,0.833333333333333,0.769230769230769,0.7333333333333331,0.7142857142857141,0.8,0.769230769230769,0.5423728813559321,0.6947137479502881,0.6855156018089681,mitie,50
2,recall,0.7142857142857141,0.3125,0.6190476190476191,0.555555555555555,0.625,0.758620689655172,0.45454545454545403,0.8,0.6451612903225801,0.8,0.6284716323412091,0.6666666666666661,mitie,50
2,f1-score,0.6451612903225801,0.344827586206896,0.7027027027027021,0.6666666666666661,0.689655172413793,0.745762711864406,0.555555555555555,0.8,0.701754385964912,0.6464646464646461,0.649855071816216,0.665648444561256,mitie,50
3,precision,0.5,0.555555555555555,0.6666666666666661,1.0,0.6410256410256411,0.56,1.0,0.8888888888888881,0.7272727272727271,0.6410256410256411,0.718043512043512,0.6734429002783431,mitie,50
3,recall,0.678571428571428,0.625,0.6666666666666661,0.11111111111111101,0.7812500000000001,0.482758620689655,0.45454545454545403,0.8,0.7741935483870961,0.625,0.5999096829971411,0.645569620253164,mitie,50
3,f1-score,0.575757575757575,0.5882352941176471,0.6666666666666661,0.199999999999999,0.704225352112676,0.518518518518518,0.625,0.842105263157894,0.7500000000000001,0.632911392405063,0.610342006273604,0.6379273674729851,mitie,50
1,precision,0.7142857142857141,0.6000000000000001,0.529411764705882,0.375,0.68,0.542857142857142,1.0,0.6666666666666661,0.5666666666666661,0.37974683544303806,0.6054634790625111,0.585170369702118,mitie,70
1,recall,0.17857142857142802,0.5625,0.42857142857142805,0.33333333333333304,0.53125,0.6551724137931031,0.27272727272727204,0.6000000000000001,0.5483870967741931,0.75,0.48605129737707603,0.523206751054852,mitie,70
1,f1-score,0.28571428571428503,0.5806451612903221,0.47368421052631504,0.35294117647058804,0.5964912280701751,0.593749999999999,0.42857142857142805,0.631578947368421,0.557377049180327,0.504201680672268,0.500495516786413,0.512714140511872,mitie,70
2,precision,0.375,0.33333333333333304,0.583333333333333,0.0,0.5945945945945941,0.5,0.75,0.5789473684210521,0.72,0.433333333333333,0.486854196301564,0.510939413764197,mitie,70
2,recall,0.321428571428571,0.25,0.6666666666666661,0.0,0.6875,0.551724137931034,0.27272727272727204,0.55,0.5806451612903221,0.65,0.45306918100438603,0.518987341772151,mitie,70
2,f1-score,0.34615384615384603,0.28571428571428503,0.622222222222222,0.0,0.637681159420289,0.524590163934426,0.399999999999999,0.5641025641025641,0.642857142857142,0.519999999999999,0.45433213844047704,0.5036284282555831,mitie,70
3,precision,0.38709677419354804,1.0,0.75,0.0,0.477272727272727,0.34615384615384603,0.833333333333333,0.55,0.6052631578947361,0.413043478260869,0.536216331710906,0.520470304558845,mitie,70
3,recall,0.42857142857142805,0.375,0.7142857142857141,0.0,0.65625,0.310344827586206,0.45454545454545403,0.55,0.7419354838709671,0.47500000000000003,0.470593290885977,0.510548523206751,mitie,70
3,f1-score,0.406779661016949,0.5454545454545451,0.73170731707317,0.0,0.552631578947368,0.32727272727272705,0.5882352941176471,0.55,0.6666666666666661,0.441860465116279,0.481060825566535,0.499872362945657,mitie,70
1,precision,1.0,0.866666666666666,0.9130434782608691,1.0,0.8108108108108101,1.0,1.0,1.0,0.911764705882352,0.871794871794871,0.9374080533415571,0.9245697316887701,recommended,0
1,recall,0.9642857142857141,0.8125,1.0,0.8888888888888881,0.9375,0.827586206896551,0.9090909090909091,1.0,1.0,0.85,0.9189851719162061,0.9198312236286921,recommended,0
1,f1-score,0.981818181818181,0.8387096774193541,0.954545454545454,0.9411764705882351,0.8695652173913041,0.90566037735849,0.9523809523809521,1.0,0.9538461538461531,0.8607594936708861,0.925846197901901,0.9197989265930041,recommended,0
2,precision,0.96551724137931,0.8125,0.954545454545454,1.0,0.9032258064516121,0.875,1.0,1.0,0.9354838709677411,0.8780487804878041,0.932432115383192,0.9218570224896161,recommended,0
2,recall,1.0,0.8125,1.0,0.8888888888888881,0.875,0.96551724137931,0.636363636363636,1.0,0.9354838709677411,0.9,0.9013753637599571,0.9198312236286921,recommended,0
2,f1-score,0.982456140350877,0.8125,0.976744186046511,0.9411764705882351,0.8888888888888881,0.918032786885245,0.777777777777777,1.0,0.9354838709677411,0.8888888888888891,0.912194901039416,0.9184366854317431,recommended,0
3,precision,1.0,0.928571428571428,1.0,0.9,0.8823529411764701,1.0,1.0,1.0,0.911764705882352,0.84090909090909,0.9463598166539341,0.9371034029261871,recommended,0
3,recall,0.928571428571428,0.8125,1.0,1.0,0.9375,0.827586206896551,0.9090909090909091,1.0,1.0,0.925,0.9340248544558881,0.9324894514767931,recommended,0
3,f1-score,0.962962962962963,0.866666666666666,1.0,0.9473684210526311,0.9090909090909091,0.90566037735849,0.9523809523809521,1.0,0.9538461538461531,0.88095238095238,0.9378928824311141,0.9324663372866041,recommended,0
1,precision,0.9310344827586201,0.875,0.954545454545454,1.0,0.769230769230769,1.0,1.0,1.0,0.9677419354838711,0.8918918918918911,0.93894445339106,0.9257615204799841,recommended,10
1,recall,0.9642857142857141,0.875,1.0,0.8888888888888881,0.9375,0.8620689655172411,0.9090909090909091,1.0,0.9677419354838711,0.8250000000000001,0.922957641326662,0.9198312236286921,recommended,10
1,f1-score,0.9473684210526311,0.875,0.976744186046511,0.9411764705882351,0.845070422535211,0.925925925925925,0.9523809523809521,1.0,0.9677419354838711,0.8571428571428571,0.9288551171156191,0.9205254939520161,recommended,10
2,precision,1.0,0.8235294117647051,0.954545454545454,1.0,1.0,0.9642857142857141,1.0,1.0,0.9333333333333331,0.833333333333333,0.950902724726254,0.942839145631401,recommended,10
2,recall,1.0,0.875,1.0,0.8888888888888881,0.8437500000000001,0.9310344827586201,0.818181818181818,1.0,0.9032258064516121,1.0,0.926008099628094,0.9367088607594931,recommended,10
2,f1-score,1.0,0.8484848484848481,0.976744186046511,0.9411764705882351,0.915254237288135,0.9473684210526311,0.9,1.0,0.918032786885245,0.9090909090909091,0.9356151859436511,0.9368879589825061,recommended,10
3,precision,1.0,0.8571428571428571,0.954545454545454,0.8888888888888881,0.8823529411764701,1.0,0.9090909090909091,1.0,0.9393939393939391,0.8636363636363631,0.929505135387488,0.9310620297217461,recommended,10
3,recall,0.9642857142857141,0.75,1.0,0.8888888888888881,0.9375,0.7931034482758621,0.9090909090909091,1.0,1.0,0.9500000000000001,0.919286896054137,0.928270042194092,recommended,10
3,f1-score,0.981818181818181,0.799999999999999,0.976744186046511,0.8888888888888881,0.9090909090909091,0.884615384615384,0.9090909090909091,1.0,0.9687500000000001,0.9047619047619041,0.9223760364312681,0.927295436426655,recommended,10
1,precision,0.9642857142857141,0.875,0.954545454545454,1.0,0.833333333333333,1.0,1.0,1.0,0.9687500000000001,0.875,0.94709145021645,0.9356260388697091,recommended,30
1,recall,0.9642857142857141,0.875,1.0,0.8888888888888881,0.9375,0.8620689655172411,0.9090909090909091,1.0,1.0,0.875,0.9311834477782751,0.9324894514767931,recommended,30
1,f1-score,0.9642857142857141,0.875,0.976744186046511,0.9411764705882351,0.8823529411764701,0.925925925925925,0.9523809523809521,1.0,0.9841269841269841,0.875,0.9376993174530791,0.932715143864543,recommended,30
2,precision,1.0,0.8125,0.9523809523809521,0.8888888888888881,0.9666666666666661,0.9333333333333331,1.0,1.0,0.9333333333333331,0.8297872340425531,0.931689040864572,0.928796720232217,recommended,30
2,recall,0.928571428571428,0.8125,0.9523809523809521,0.8888888888888881,0.9062500000000001,0.96551724137931,0.7272727272727271,1.0,0.9032258064516121,0.975,0.9059607044944921,0.9240506329113921,recommended,30
2,f1-score,0.962962962962963,0.8125,0.9523809523809521,0.8888888888888881,0.9354838709677411,0.949152542372881,0.842105263157894,1.0,0.918032786885245,0.896551724137931,0.91580589917545,0.9240848684238011,recommended,30
3,precision,0.9642857142857141,0.846153846153846,1.0,0.8,0.833333333333333,1.0,1.0,1.0,0.911764705882352,0.875,0.9230537599655241,0.9226575277952791,recommended,30
3,recall,0.9642857142857141,0.6875,1.0,0.8888888888888881,0.9375,0.8620689655172411,0.9090909090909091,1.0,1.0,0.875,0.9124334477782751,0.9198312236286921,recommended,30
3,f1-score,0.9642857142857141,0.758620689655172,1.0,0.842105263157894,0.8823529411764701,0.925925925925925,0.9523809523809521,1.0,0.9538461538461531,0.875,0.915451764042828,0.9191959730709871,recommended,30
1,precision,0.8387096774193541,0.833333333333333,0.8095238095238091,1.0,0.6666666666666661,1.0,1.0,1.0,0.9393939393939391,0.805555555555555,0.8893182981892651,0.8670631729022911,recommended,50
1,recall,0.928571428571428,0.625,0.8095238095238091,0.6666666666666661,1.0,0.689655172413793,1.0,0.9500000000000001,1.0,0.725,0.8394417077175691,0.8481012658227841,recommended,50
1,f1-score,0.881355932203389,0.7142857142857141,0.8095238095238091,0.8,0.8,0.816326530612244,1.0,0.9743589743589741,0.9687500000000001,0.763157894736842,0.852775885572097,0.8465179417496811,recommended,50
2,precision,0.958333333333333,0.875,0.8,1.0,0.805555555555555,0.846153846153846,1.0,0.9500000000000001,0.8387096774193541,0.725490196078431,0.8799242608540521,0.8521906349903371,recommended,50
2,recall,0.8214285714285711,0.4375,0.9523809523809521,0.8888888888888881,0.9062500000000001,0.758620689655172,0.7272727272727271,0.9500000000000001,0.8387096774193541,0.925,0.8206051507045661,0.839662447257383,recommended,50
2,f1-score,0.884615384615384,0.583333333333333,0.8695652173913041,0.9411764705882351,0.8529411764705881,0.8,0.842105263157894,0.9500000000000001,0.8387096774193541,0.8131868131868131,0.8375633336162901,0.8359441770984971,recommended,50
3,precision,0.7187500000000001,1.0,0.9047619047619041,0.75,0.6888888888888881,1.0,0.9166666666666661,0.9047619047619041,0.9642857142857141,0.6976744186046511,0.854578949796973,0.839231433586747,recommended,50
3,recall,0.8214285714285711,0.4375,0.9047619047619041,1.0,0.9687500000000001,0.551724137931034,1.0,0.9500000000000001,0.8709677419354831,0.75,0.8255132356056991,0.8101265822784811,recommended,50
3,f1-score,0.766666666666666,0.6086956521739131,0.9047619047619041,0.8571428571428571,0.805194805194805,0.711111111111111,0.956521739130434,0.9268292682926821,0.915254237288135,0.72289156626506,0.8175069808027571,0.8044531953882441,recommended,50
1,precision,0.6818181818181811,0.777777777777777,0.5862068965517241,1.0,0.6341463414634141,0.7894736842105261,0.7272727272727271,0.9090909090909091,0.8,0.533333333333333,0.7439119851518591,0.710330251675214,recommended,70
1,recall,0.535714285714285,0.4375,0.8095238095238091,0.555555555555555,0.8125,0.5172413793103441,0.7272727272727271,0.5,0.7741935483870961,0.8,0.6469501305763821,0.670886075949367,recommended,70
1,f1-score,0.6000000000000001,0.56,0.68,0.7142857142857141,0.7123287671232871,0.625,0.7272727272727271,0.6451612903225801,0.7868852459016391,0.64,0.669093374490594,0.667868187366747,recommended,70
2,precision,0.695652173913043,0.6666666666666661,0.9090909090909091,0.8,0.45833333333333304,0.689655172413793,1.0,0.875,0.6666666666666661,0.557692307692307,0.731875722977672,0.68597832180661,recommended,70
2,recall,0.5714285714285711,0.125,0.9523809523809521,0.8888888888888881,0.6875,0.689655172413793,0.36363636363636304,0.7000000000000001,0.6451612903225801,0.725,0.634865123907115,0.6540084388185651,recommended,70
2,f1-score,0.6274509803921561,0.210526315789473,0.9302325581395341,0.842105263157894,0.549999999999999,0.689655172413793,0.533333333333333,0.777777777777777,0.6557377049180321,0.630434782608695,0.6447253888530691,0.6439593332151571,recommended,70
3,precision,0.5675675675675671,0.6666666666666661,0.68,0.8571428571428571,0.5370370370370371,0.9,0.833333333333333,1.0,0.866666666666666,0.5897435897435891,0.7498157718157711,0.723464583886524,recommended,70
3,recall,0.75,0.25,0.8095238095238091,0.6666666666666661,0.9062500000000001,0.310344827586206,0.9090909090909091,0.85,0.8387096774193541,0.5750000000000001,0.686558589028694,0.683544303797468,recommended,70
3,f1-score,0.6461538461538461,0.36363636363636304,0.7391304347826081,0.75,0.6744186046511621,0.461538461538461,0.8695652173913041,0.9189189189189181,0.852459016393442,0.582278481012658,0.6858099344478761,0.6700810290833861,recommended,70
1,precision,1.0,0.7368421052631571,0.9444444444444441,0.8571428571428571,0.764705882352941,0.76,0.833333333333333,0.9500000000000001,0.8857142857142851,0.794871794871794,0.852705470312281,0.8492251573240711,pretrained_embeddings_spacy,0
1,recall,1.0,0.875,0.8095238095238091,0.6666666666666661,0.8125,0.6551724137931031,0.9090909090909091,0.9500000000000001,1.0,0.775,0.8452953799074491,0.8481012658227841,pretrained_embeddings_spacy,0
1,f1-score,1.0,0.799999999999999,0.871794871794871,0.75,0.7878787878787881,0.703703703703703,0.8695652173913041,0.9500000000000001,0.9393939393939391,0.7848101265822781,0.8457146646744881,0.8462280822912591,pretrained_embeddings_spacy,0
2,precision,1.0,0.6190476190476191,0.75,1.0,0.8709677419354831,0.75,0.7272727272727271,0.8888888888888881,0.866666666666666,0.8095238095238091,0.8282367453335191,0.8324942045236041,pretrained_embeddings_spacy,0
2,recall,0.892857142857142,0.8125,0.7142857142857141,0.777777777777777,0.8437500000000001,0.827586206896551,0.7272727272727271,0.8,0.8387096774193541,0.85,0.808473924650926,0.8227848101265821,pretrained_embeddings_spacy,0
2,f1-score,0.943396226415094,0.7027027027027021,0.73170731707317,0.8750000000000001,0.8571428571428571,0.7868852459016391,0.7272727272727271,0.842105263157894,0.852459016393442,0.829268292682926,0.814793964874245,0.825259499070857,pretrained_embeddings_spacy,0
3,precision,1.0,0.764705882352941,0.826086956521739,0.8888888888888881,0.763157894736842,0.7142857142857141,0.9090909090909091,0.9473684210526311,0.8529411764705881,0.8571428571428571,0.8523668700543111,0.845538893366343,pretrained_embeddings_spacy,0
3,recall,0.8214285714285711,0.8125,0.9047619047619041,0.8888888888888881,0.9062500000000001,0.689655172413793,0.9090909090909091,0.9,0.9354838709677411,0.75,0.85180593175518,0.839662447257383,pretrained_embeddings_spacy,0
3,f1-score,0.9019607843137251,0.7878787878787881,0.8636363636363631,0.8888888888888881,0.8285714285714281,0.701754385964912,0.9090909090909091,0.923076923076923,0.892307692307692,0.799999999999999,0.849716616372963,0.839601544445373,pretrained_embeddings_spacy,0
1,precision,1.0,0.7000000000000001,0.9444444444444441,0.8571428571428571,0.7837837837837831,0.7307692307692301,0.833333333333333,0.9473684210526311,0.8823529411764701,0.833333333333333,0.8512528345036081,0.851566740162578,pretrained_embeddings_spacy,10
1,recall,1.0,0.875,0.8095238095238091,0.6666666666666661,0.9062500000000001,0.6551724137931031,0.9090909090909091,0.9,0.9677419354838711,0.75,0.8439445734558361,0.8481012658227841,pretrained_embeddings_spacy,10
1,f1-score,1.0,0.777777777777777,0.871794871794871,0.75,0.840579710144927,0.69090909090909,0.8695652173913041,0.923076923076923,0.923076923076923,0.7894736842105261,0.843625419838234,0.84665881413412,pretrained_embeddings_spacy,10
2,precision,1.0,0.65,0.7272727272727271,0.875,0.8709677419354831,0.8125,0.8,0.8888888888888881,0.892857142857142,0.7954545454545451,0.831294104640878,0.8398975782244461,pretrained_embeddings_spacy,10
2,recall,0.8571428571428571,0.8125,0.7619047619047611,0.777777777777777,0.8437500000000001,0.896551724137931,0.7272727272727271,0.8,0.8064516129032251,0.875,0.815835146113928,0.8312236286919831,pretrained_embeddings_spacy,10
2,f1-score,0.923076923076923,0.7222222222222221,0.744186046511627,0.8235294117647061,0.8571428571428571,0.852459016393442,0.7619047619047621,0.842105263157894,0.847457627118643,0.833333333333333,0.8207417462626411,0.8329908920102901,pretrained_embeddings_spacy,10
3,precision,0.9166666666666661,0.764705882352941,0.826086956521739,0.8888888888888881,0.7368421052631571,0.6923076923076921,0.9090909090909091,0.9473684210526311,0.8,0.8285714285714281,0.8310528950716051,0.8177041471752071,pretrained_embeddings_spacy,10
3,recall,0.785714285714285,0.8125,0.9047619047619041,0.8888888888888881,0.875,0.620689655172413,0.9090909090909091,0.9,0.9032258064516121,0.725,0.832487145008001,0.814345991561181,pretrained_embeddings_spacy,10
3,f1-score,0.846153846153846,0.7878787878787881,0.8636363636363631,0.8888888888888881,0.799999999999999,0.6545454545454541,0.9090909090909091,0.923076923076923,0.8484848484848481,0.7733333333333331,0.8295089355089351,0.8131411485841861,pretrained_embeddings_spacy,10
1,precision,0.9642857142857141,0.65,0.85,0.8571428571428571,0.756756756756756,0.6666666666666661,0.9,1.0,0.8108108108108101,0.7837837837837831,0.8239446589446591,0.8139254082292051,pretrained_embeddings_spacy,30
1,recall,0.9642857142857141,0.8125,0.8095238095238091,0.6666666666666661,0.875,0.551724137931034,0.818181818181818,0.85,0.9677419354838711,0.725,0.804062408207291,0.8101265822784811,pretrained_embeddings_spacy,30
1,f1-score,0.9642857142857141,0.7222222222222221,0.829268292682926,0.75,0.8115942028985501,0.60377358490566,0.8571428571428571,0.9189189189189181,0.8823529411764701,0.753246753246753,0.809280548748007,0.8079763682287141,pretrained_embeddings_spacy,30
2,precision,0.84,0.521739130434782,0.6818181818181811,0.75,0.75,0.6296296296296291,0.8,0.875,0.7241379310344821,0.7333333333333331,0.73056582062504,0.7311260605898731,pretrained_embeddings_spacy,30
2,recall,0.75,0.75,0.7142857142857141,0.6666666666666661,0.75,0.5862068965517241,0.7272727272727271,0.7000000000000001,0.6774193548387091,0.8250000000000001,0.714685135961554,0.7215189873417721,pretrained_embeddings_spacy,30
2,f1-score,0.7924528301886791,0.6153846153846151,0.6976744186046511,0.7058823529411761,0.75,0.6071428571428571,0.7619047619047621,0.777777777777777,0.7000000000000001,0.776470588235294,0.7184690202179811,0.7229595416948,pretrained_embeddings_spacy,30
3,precision,0.9166666666666661,0.647058823529411,0.678571428571428,0.8888888888888881,0.6923076923076921,0.75,1.0,0.894736842105263,0.8387096774193541,0.769230769230769,0.8076170788719471,0.7925629603726551,pretrained_embeddings_spacy,30
3,recall,0.785714285714285,0.6875,0.9047619047619041,0.8888888888888881,0.8437500000000001,0.620689655172413,0.636363636363636,0.85,0.8387096774193541,0.75,0.780637804832048,0.7805907172995781,pretrained_embeddings_spacy,30
3,f1-score,0.846153846153846,0.6666666666666661,0.7755102040816321,0.8888888888888881,0.76056338028169,0.6792452830188681,0.777777777777777,0.871794871794871,0.8387096774193541,0.7594936708860761,0.786480426696967,0.7808102525238221,pretrained_embeddings_spacy,30
1,precision,0.7812500000000001,0.7142857142857141,0.652173913043478,0.833333333333333,0.6451612903225801,0.6129032258064511,0.818181818181818,0.9333333333333331,0.75,0.7352941176470581,0.747591674595376,0.7310000414081991,pretrained_embeddings_spacy,50
1,recall,0.892857142857142,0.625,0.7142857142857141,0.555555555555555,0.625,0.6551724137931031,0.818181818181818,0.7000000000000001,0.9677419354838711,0.625,0.7178794580157201,0.725738396624472,pretrained_embeddings_spacy,50
1,f1-score,0.833333333333333,0.6666666666666661,0.6818181818181811,0.6666666666666661,0.634920634920635,0.6333333333333331,0.818181818181818,0.8,0.845070422535211,0.6756756756756751,0.725566673313152,0.7224747634089761,pretrained_embeddings_spacy,50
2,precision,0.8571428571428571,0.416666666666666,0.684210526315789,0.875,0.757575757575757,0.6666666666666661,0.8888888888888881,0.8823529411764701,0.75,0.6274509803921561,0.7405955284825251,0.726830046886283,pretrained_embeddings_spacy,50
2,recall,0.642857142857142,0.625,0.6190476190476191,0.777777777777777,0.7812500000000001,0.620689655172413,0.7272727272727271,0.75,0.6774193548387091,0.8,0.702131427696639,0.7046413502109701,pretrained_embeddings_spacy,50
2,f1-score,0.73469387755102,0.5,0.65,0.8235294117647061,0.769230769230769,0.642857142857142,0.799999999999999,0.8108108108108101,0.711864406779661,0.703296703296703,0.7146283122290811,0.7093135695941201,pretrained_embeddings_spacy,50
3,precision,0.7307692307692301,0.5,0.7391304347826081,0.8571428571428571,0.729729729729729,0.52,0.7142857142857141,0.8095238095238091,0.7812500000000001,0.729729729729729,0.711156150596367,0.7071074805671661,pretrained_embeddings_spacy,50
3,recall,0.678571428571428,0.6875,0.8095238095238091,0.6666666666666661,0.8437500000000001,0.448275862068965,0.45454545454545403,0.85,0.8064516129032251,0.675,0.6920284834279551,0.7046413502109701,pretrained_embeddings_spacy,50
3,f1-score,0.703703703703703,0.5789473684210521,0.772727272727272,0.75,0.7826086956521731,0.481481481481481,0.555555555555555,0.829268292682926,0.793650793650793,0.7012987012987011,0.6949241865173661,0.7016969416431981,pretrained_embeddings_spacy,50
1,precision,1.0,0.6153846153846151,0.5238095238095231,0.5,0.522727272727272,0.5,0.625,0.647058823529411,0.5,0.342857142857142,0.5776837378307961,0.563729488431647,pretrained_embeddings_spacy,70
1,recall,0.42857142857142805,0.5,0.5238095238095231,0.44444444444444403,0.7187500000000001,0.206896551724137,0.45454545454545403,0.55,0.5161290322580641,0.6000000000000001,0.494314643535305,0.50632911392405,pretrained_embeddings_spacy,70
1,f1-score,0.6000000000000001,0.551724137931034,0.5238095238095231,0.47058823529411703,0.6052631578947361,0.292682926829268,0.5263157894736841,0.5945945945945941,0.507936507936507,0.436363636363636,0.51092785101271,0.504645776505922,pretrained_embeddings_spacy,70
2,precision,0.538461538461538,0.4375,0.42857142857142805,0.0,0.5454545454545451,0.478260869565217,0.14285714285714202,0.8571428571428571,0.7826086956521741,0.385714285714285,0.459657136341918,0.509724727666389,pretrained_embeddings_spacy,70
2,recall,0.25,0.4375,0.5714285714285711,0.0,0.5625,0.379310344827586,0.09090909090909001,0.9,0.5806451612903221,0.675,0.44472931684555705,0.5021097046413501,pretrained_embeddings_spacy,70
2,f1-score,0.34146341463414603,0.4375,0.48979591836734604,0.0,0.553846153846153,0.423076923076923,0.11111111111111101,0.8780487804878041,0.6666666666666661,0.49090909090909,0.439241805909924,0.48913597351386706,pretrained_embeddings_spacy,70
3,precision,0.6000000000000001,1.0,0.39130434782608703,1.0,0.6341463414634141,0.75,1.0,0.833333333333333,0.9090909090909091,0.55,0.7667874931713741,0.716913751390978,pretrained_embeddings_spacy,70
3,recall,0.642857142857142,0.1875,0.8571428571428571,0.44444444444444403,0.8125,0.206896551724137,0.45454545454545403,0.75,0.6451612903225801,0.8250000000000001,0.5826047741036611,0.624472573839662,pretrained_embeddings_spacy,70
3,f1-score,0.620689655172413,0.31578947368421,0.53731343283582,0.6153846153846151,0.7123287671232871,0.324324324324324,0.625,0.7894736842105261,0.7547169811320751,0.66,0.595502093386727,0.607234648120017,pretrained_embeddings_spacy,70
1,precision,0.962962962962962,0.625,0.8235294117647051,1.0,0.8823529411764701,0.7878787878787871,0.9090909090909091,0.8636363636363631,1.0,0.829268292682926,0.8683719669193121,0.8682882639502021,supervised_embeddings,0
1,recall,0.928571428571428,0.625,0.6666666666666661,0.555555555555555,0.9375,0.896551724137931,0.9090909090909091,0.9500000000000001,1.0,0.85,0.8318936284022491,0.864978902953586,supervised_embeddings,0
1,f1-score,0.9454545454545451,0.625,0.7368421052631571,0.7142857142857141,0.9090909090909091,0.8387096774193541,0.9090909090909091,0.9047619047619041,1.0,0.839506172839506,0.8422741938206001,0.8627171209144031,supervised_embeddings,0
2,precision,0.9310344827586201,0.5238095238095231,0.9333333333333331,1.0,0.96551724137931,0.6410256410256411,0.8571428571428571,1.0,0.9333333333333331,0.8780487804878041,0.866324519327042,0.8692829923776041,supervised_embeddings,0
2,recall,0.9642857142857141,0.6875,0.6666666666666661,0.777777777777777,0.875,0.8620689655172411,0.5454545454545451,0.9500000000000001,0.9032258064516121,0.9,0.813197947615355,0.8481012658227841,supervised_embeddings,0
2,f1-score,0.9473684210526311,0.5945945945945941,0.777777777777777,0.8750000000000001,0.918032786885245,0.7352941176470581,0.6666666666666661,0.9743589743589741,0.918032786885245,0.8888888888888891,0.8296015014757081,0.851408548514447,supervised_embeddings,0
3,precision,0.9032258064516121,0.8888888888888881,0.85,0.7272727272727271,0.9090909090909091,0.6923076923076921,0.875,0.9500000000000001,0.9032258064516121,0.8857142857142851,0.8584726116177721,0.86552490693977,supervised_embeddings,0
3,recall,1.0,0.5,0.8095238095238091,0.8888888888888881,0.9375,0.9310344827586201,0.636363636363636,0.9500000000000001,0.9032258064516121,0.775,0.8331536623986561,0.8565400843881851,supervised_embeddings,0
3,f1-score,0.949152542372881,0.64,0.829268292682926,0.799999999999999,0.923076923076923,0.794117647058823,0.7368421052631571,0.9500000000000001,0.9032258064516121,0.8266666666666661,0.8352349983572991,0.8530409639684,supervised_embeddings,0
1,precision,1.0,0.6875,0.7272727272727271,1.0,0.9090909090909091,0.7333333333333331,1.0,1.0,1.0,0.7659574468085101,0.8823154416505481,0.870331649378242,supervised_embeddings,10
1,recall,0.8571428571428571,0.6875,0.7619047619047611,0.555555555555555,0.9375,0.758620689655172,0.9090909090909091,0.9500000000000001,1.0,0.9,0.831731477334925,0.8607594936708861,supervised_embeddings,10
1,f1-score,0.923076923076923,0.6875,0.744186046511627,0.7142857142857141,0.923076923076923,0.745762711864406,0.9523809523809521,0.9743589743589741,1.0,0.827586206896551,0.849221445245207,0.861329243346965,supervised_embeddings,10
2,precision,0.8484848484848481,0.625,0.8823529411764701,0.8888888888888881,0.9032258064516121,0.764705882352941,1.0,0.9090909090909091,0.896551724137931,0.875,0.8593301000583601,0.8579814580044831,supervised_embeddings,10
2,recall,1.0,0.625,0.7142857142857141,0.8888888888888881,0.875,0.896551724137931,0.5454545454545451,1.0,0.8387096774193541,0.875,0.8258890550186431,0.852320675105485,supervised_embeddings,10
2,f1-score,0.918032786885245,0.625,0.7894736842105261,0.8888888888888881,0.8888888888888881,0.825396825396825,0.7058823529411761,0.9523809523809521,0.866666666666666,0.875,0.833561104625917,0.849551938307168,supervised_embeddings,10
3,precision,0.9642857142857141,0.818181818181818,0.8,1.0,0.8285714285714281,0.75,0.9,0.9523809523809521,0.9062500000000001,0.85,0.8769669913419911,0.865808286298792,supervised_embeddings,10
3,recall,0.9642857142857141,0.5625,0.7619047619047611,0.8888888888888881,0.9062500000000001,0.827586206896551,0.818181818181818,1.0,0.9354838709677411,0.85,0.8515081261125471,0.864978902953586,supervised_embeddings,10
3,f1-score,0.9642857142857141,0.6666666666666661,0.780487804878048,0.9411764705882351,0.865671641791044,0.7868852459016391,0.8571428571428571,0.9756097560975611,0.92063492063492,0.85,0.8608561077986691,0.8629920361310801,supervised_embeddings,10
1,precision,0.8888888888888881,0.7000000000000001,0.764705882352941,1.0,0.7894736842105261,0.7096774193548381,0.6923076923076921,0.9500000000000001,0.911764705882352,0.7272727272727271,0.8134091000269961,0.805749008704533,supervised_embeddings,30
1,recall,0.8571428571428571,0.4375,0.6190476190476191,0.33333333333333304,0.9375,0.758620689655172,0.818181818181818,0.9500000000000001,1.0,0.8,0.75113263173608,0.80168776371308,supervised_embeddings,30
1,f1-score,0.872727272727272,0.538461538461538,0.684210526315789,0.5,0.8571428571428571,0.7333333333333331,0.7500000000000001,0.9500000000000001,0.9538461538461531,0.7619047619047621,0.76016264437317,0.792872694704806,supervised_embeddings,30
2,precision,0.833333333333333,0.6875,0.928571428571428,0.875,0.9354838709677411,0.6410256410256411,1.0,0.826086956521739,0.846153846153846,0.813953488372093,0.8387108564945821,0.829300458608153,supervised_embeddings,30
2,recall,0.892857142857142,0.6875,0.6190476190476191,0.777777777777777,0.9062500000000001,0.8620689655172411,0.636363636363636,0.9500000000000001,0.7096774193548381,0.875,0.791654256091825,0.814345991561181,supervised_embeddings,30
2,f1-score,0.8620689655172411,0.6875,0.7428571428571431,0.8235294117647061,0.92063492063492,0.7352941176470581,0.777777777777777,0.883720930232558,0.771929824561403,0.8433734939759031,0.8048686584968711,0.8136214392113651,supervised_embeddings,30
3,precision,0.8620689655172411,0.769230769230769,0.772727272727272,1.0,0.8823529411764701,0.631578947368421,1.0,0.9500000000000001,0.9032258064516121,0.846153846153846,0.861733854862563,0.8441777785102651,supervised_embeddings,30
3,recall,0.892857142857142,0.625,0.8095238095238091,0.6666666666666661,0.9375,0.827586206896551,0.45454545454545403,0.9500000000000001,0.9032258064516121,0.8250000000000001,0.7891905086941231,0.8312236286919831,supervised_embeddings,30
3,f1-score,0.8771929824561401,0.689655172413793,0.7906976744186041,0.8,0.9090909090909091,0.716417910447761,0.625,0.9500000000000001,0.9032258064516121,0.8354430379746831,0.80967234932535,0.82936830144753,supervised_embeddings,30
1,precision,0.757575757575757,0.6000000000000001,0.6666666666666661,0.6666666666666661,0.8484848484848481,0.5675675675675671,0.9,1.0,0.837837837837837,0.75,0.759479934479934,0.7607429063125261,supervised_embeddings,50
1,recall,0.892857142857142,0.375,0.6666666666666661,0.22222222222222202,0.875,0.7241379310344821,0.818181818181818,0.85,1.0,0.675,0.709906578096233,0.7594936708860761,supervised_embeddings,50
1,f1-score,0.8196721311475411,0.461538461538461,0.6666666666666661,0.33333333333333304,0.861538461538461,0.636363636363636,0.8571428571428571,0.9189189189189181,0.911764705882353,0.710526315789473,0.71774654883217,0.750430040512255,supervised_embeddings,50
2,precision,0.85,0.384615384615384,0.8571428571428571,0.8,0.818181818181818,0.38,1.0,0.8095238095238091,0.7741935483870961,0.744186046511627,0.741784346436259,0.7312809383401081,supervised_embeddings,50
2,recall,0.6071428571428571,0.3125,0.5714285714285711,0.44444444444444403,0.8437500000000001,0.6551724137931031,0.636363636363636,0.85,0.7741935483870961,0.8,0.64949954715597,0.6919831223628691,supervised_embeddings,50
2,f1-score,0.708333333333333,0.344827586206896,0.685714285714285,0.5714285714285711,0.83076923076923,0.48101265822784806,0.777777777777777,0.829268292682926,0.7741935483870961,0.7710843373493971,0.6774409621877361,0.69793970140048,supervised_embeddings,50
3,precision,0.583333333333333,0.6666666666666661,0.7391304347826081,1.0,0.8787878787878781,0.552631578947368,0.75,0.8571428571428571,0.8620689655172411,0.6666666666666661,0.7556428381844621,0.7360883070956911,supervised_embeddings,50
3,recall,0.75,0.375,0.8095238095238091,0.555555555555555,0.9062500000000001,0.7241379310344821,0.27272727272727204,0.9,0.8064516129032251,0.65,0.6749646181744341,0.7215189873417721,supervised_embeddings,50
3,f1-score,0.656249999999999,0.48000000000000004,0.772727272727272,0.7142857142857141,0.892307692307692,0.6268656716417911,0.399999999999999,0.8780487804878041,0.833333333333333,0.658227848101265,0.6912046312884871,0.7154734922128361,supervised_embeddings,50
1,precision,0.521739130434782,0.4,0.478260869565217,0.0,0.48888888888888804,0.33333333333333304,0.833333333333333,0.8125,0.9047619047619041,0.52,0.529281746031746,0.551171184550381,supervised_embeddings,70
1,recall,0.42857142857142805,0.25,0.5238095238095231,0.0,0.6875,0.482758620689655,0.45454545454545403,0.65,0.6129032258064511,0.65,0.47400882534225103,0.531645569620253,supervised_embeddings,70
1,f1-score,0.47058823529411703,0.30769230769230704,0.5,0.0,0.5714285714285711,0.394366197183098,0.5882352941176471,0.7222222222222221,0.7307692307692301,0.5777777777777771,0.48630798364849703,0.5274340567933841,supervised_embeddings,70
2,precision,0.45,0.25,0.875,0.6666666666666661,0.647058823529411,0.26315789473684204,0.5714285714285711,0.652173913043478,0.625,0.703703703703703,0.570418957310867,0.5745350295149431,supervised_embeddings,70
2,recall,0.321428571428571,0.1875,0.33333333333333304,0.44444444444444403,0.6875,0.689655172413793,0.36363636363636304,0.75,0.48387096774193505,0.47500000000000003,0.47363688529984405,0.49789029535864904,supervised_embeddings,70
2,f1-score,0.375,0.21428571428571402,0.482758620689655,0.533333333333333,0.6666666666666661,0.38095238095238104,0.44444444444444403,0.6976744186046511,0.5454545454545451,0.567164179104477,0.49077343035358606,0.505002068262694,supervised_embeddings,70
3,precision,0.33333333333333304,0.44444444444444403,0.7368421052631571,0.6666666666666661,0.636363636363636,0.234042553191489,0.8,0.8,0.842105263157894,0.5609756097560971,0.605477361217672,0.5840223063683501,supervised_embeddings,70
3,recall,0.35714285714285704,0.25,0.6666666666666661,0.22222222222222202,0.875,0.379310344827586,0.36363636363636304,0.8,0.5161290322580641,0.5750000000000001,0.500510748675375,0.5400843881856541,supervised_embeddings,70
3,f1-score,0.344827586206896,0.32,0.7000000000000001,0.33333333333333304,0.7368421052631571,0.28947368421052605,0.5,0.8,0.639999999999999,0.5679012345679011,0.5232377943581811,0.5422147932786301,supervised_embeddings,70
