,,move,none,show,pick up,greetings,affirmative,clarify,bye,deny,find,macro avg,weighted avg,pipeline,split
1,precision,1.0,0.9166666666666661,1.0,0.8095238095238091,0.7000000000000001,0.8636363636363631,1.0,1.0,0.9047619047619041,0.85,0.9044588744588741,0.912539940218511,custom,0
1,recall,0.9500000000000001,0.846153846153846,1.0,0.85,0.875,1.0,0.9,0.555555555555555,1.0,0.85,0.8826709401709399,0.9047619047619041,custom,0
1,f1-score,0.9743589743589741,0.8799999999999991,1.0,0.829268292682926,0.777777777777777,0.9268292682926821,0.9473684210526311,0.7142857142857141,0.9500000000000001,0.85,0.8849888448450701,0.903395616132412,custom,0
2,precision,0.9523809523809521,0.9166666666666661,1.0,0.826086956521739,0.7000000000000001,1.0,1.0,0.875,0.8636363636363631,0.9444444444444441,0.9078215383650161,0.9241607419208351,custom,0
2,recall,1.0,0.846153846153846,0.9500000000000001,0.9500000000000001,0.875,0.842105263157894,0.9500000000000001,0.777777777777777,1.0,0.85,0.9041036887089511,0.9166666666666661,custom,0
2,f1-score,0.9756097560975611,0.8799999999999991,0.9743589743589741,0.883720930232558,0.777777777777777,0.914285714285714,0.9743589743589741,0.8235294117647061,0.9268292682926821,0.894736842105263,0.9025207649274211,0.9173266734533371,custom,0
3,precision,0.9500000000000001,1.0,1.0,0.8888888888888881,0.6666666666666661,0.9,0.9523809523809521,0.875,1.0,0.8571428571428571,0.9090079365079361,0.9242654006046861,custom,0
3,recall,0.9500000000000001,0.846153846153846,1.0,0.8,1.0,0.9473684210526311,1.0,0.777777777777777,0.894736842105263,0.9,0.911603688708951,0.9166666666666661,custom,0
3,f1-score,0.9500000000000001,0.9166666666666661,1.0,0.842105263157894,0.8,0.923076923076923,0.9756097560975611,0.8235294117647061,0.9444444444444441,0.8780487804878041,0.9053481245696001,0.917420317561429,custom,0
1,precision,1.0,0.9,1.0,0.826086956521739,0.7000000000000001,0.8636363636363631,1.0,1.0,0.9047619047619041,0.9444444444444441,0.9138929669364451,0.9244654471362541,custom,10
1,recall,0.9500000000000001,0.6923076923076921,1.0,0.9500000000000001,0.875,1.0,0.9500000000000001,0.6666666666666661,1.0,0.85,0.893397435897435,0.9166666666666661,custom,10
1,f1-score,0.9743589743589741,0.7826086956521731,1.0,0.883720930232558,0.777777777777777,0.9268292682926821,0.9743589743589741,0.8,0.9500000000000001,0.894736842105263,0.89643914627784,0.9154726534784331,custom,10
2,precision,0.9500000000000001,0.846153846153846,1.0,0.7916666666666661,0.7000000000000001,1.0,1.0,0.875,0.8636363636363631,0.9444444444444441,0.8970901320901321,0.914323292448292,custom,10
2,recall,0.9500000000000001,0.846153846153846,0.9500000000000001,0.9500000000000001,0.875,0.7894736842105261,0.9500000000000001,0.777777777777777,1.0,0.85,0.8938405308142151,0.9047619047619041,custom,10
2,f1-score,0.9500000000000001,0.846153846153846,0.9743589743589741,0.8636363636363631,0.777777777777777,0.8823529411764701,0.9743589743589741,0.8235294117647061,0.9268292682926821,0.894736842105263,0.8913734399625061,0.905656380935773,custom,10
3,precision,1.0,0.846153846153846,1.0,0.9,0.636363636363636,0.9473684210526311,1.0,1.0,0.9444444444444441,0.8571428571428571,0.9131473205157411,0.9296322064179201,custom,10
3,recall,0.9500000000000001,0.846153846153846,1.0,0.9,0.875,0.9473684210526311,1.0,0.777777777777777,0.894736842105263,0.9,0.9091036887089511,0.9226190476190471,custom,10
3,f1-score,0.9743589743589741,0.846153846153846,1.0,0.9,0.7368421052631571,0.9473684210526311,1.0,0.8750000000000001,0.9189189189189191,0.8780487804878041,0.9076691046235331,0.9242699488005971,custom,10
1,precision,1.0,0.8,1.0,0.7826086956521741,0.636363636363636,0.8636363636363631,1.0,1.0,0.818181818181818,0.894736842105263,0.8795527355939251,0.8928116982178761,custom,20
1,recall,0.9,0.6153846153846151,1.0,0.9,0.875,1.0,0.9,0.555555555555555,0.9473684210526311,0.85,0.8543308591992801,0.88095238095238,custom,20
1,f1-score,0.9473684210526311,0.695652173913043,1.0,0.8372093023255811,0.7368421052631571,0.9268292682926821,0.9473684210526311,0.7142857142857141,0.8780487804878041,0.871794871794871,0.855539905846812,0.8793707725172011,custom,20
2,precision,0.9523809523809521,0.923076923076923,1.0,0.826086956521739,0.636363636363636,1.0,1.0,0.875,0.9047619047619041,0.9444444444444441,0.90621148175496,0.9262775735019521,custom,20
2,recall,1.0,0.923076923076923,0.9500000000000001,0.9500000000000001,0.875,0.7894736842105261,0.9500000000000001,0.777777777777777,1.0,0.85,0.9065328385065221,0.9166666666666661,custom,20
2,f1-score,0.9756097560975611,0.923076923076923,0.9743589743589741,0.883720930232558,0.7368421052631571,0.8823529411764701,0.9743589743589741,0.8235294117647061,0.9500000000000001,0.894736842105263,0.9018586858434581,0.9177197438893281,custom,20
3,precision,1.0,0.9090909090909091,1.0,0.842105263157894,0.636363636363636,0.894736842105263,1.0,0.875,0.894736842105263,0.7826086956521741,0.883464218847514,0.9004664886029301,custom,20
3,recall,0.9,0.769230769230769,1.0,0.8,0.875,0.894736842105263,1.0,0.777777777777777,0.894736842105263,0.9,0.8811482231219071,0.892857142857142,custom,20
3,f1-score,0.9473684210526311,0.833333333333333,1.0,0.82051282051282,0.7368421052631571,0.894736842105263,1.0,0.8235294117647061,0.894736842105263,0.8372093023255811,0.878826907846275,0.894295510471081,custom,20
1,precision,1.0,0.7272727272727271,1.0,0.8636363636363631,0.583333333333333,0.772727272727272,1.0,1.0,0.9444444444444441,0.8636363636363631,0.8755050505050501,0.8946007696007691,custom,30
1,recall,0.9,0.6153846153846151,0.9500000000000001,0.9500000000000001,0.875,0.894736842105263,0.9,0.6666666666666661,0.894736842105263,0.9500000000000001,0.85965249662618,0.88095238095238,custom,30
1,f1-score,0.9473684210526311,0.6666666666666661,0.9743589743589741,0.9047619047619041,0.7000000000000001,0.829268292682926,0.9473684210526311,0.8,0.9189189189189191,0.9047619047619041,0.859347350425655,0.882467953612277,custom,30
2,precision,0.9523809523809521,0.8571428571428571,0.9500000000000001,0.9,0.636363636363636,1.0,1.0,1.0,0.8571428571428571,0.9,0.90530303030303,0.9200422593279731,custom,30
2,recall,1.0,0.923076923076923,0.9500000000000001,0.9,0.875,0.7894736842105261,0.9500000000000001,0.777777777777777,0.9473684210526311,0.9,0.901269680611785,0.910714285714285,custom,30
2,f1-score,0.9756097560975611,0.8888888888888891,0.9500000000000001,0.9,0.7368421052631571,0.8823529411764701,0.9743589743589741,0.8750000000000001,0.9,0.9,0.8983052665785051,0.9118415052925261,custom,30
3,precision,1.0,0.846153846153846,0.9523809523809521,0.8888888888888881,0.6666666666666661,0.842105263157894,1.0,0.875,0.842105263157894,0.7916666666666661,0.870496754707281,0.886113473167044,custom,30
3,recall,0.9,0.846153846153846,1.0,0.8,0.75,0.842105263157894,0.9500000000000001,0.777777777777777,0.842105263157894,0.9500000000000001,0.8658142150247411,0.88095238095238,custom,30
3,f1-score,0.9473684210526311,0.846153846153846,0.9756097560975611,0.842105263157894,0.7058823529411761,0.842105263157894,0.9743589743589741,0.8235294117647061,0.842105263157894,0.8636363636363631,0.866285491547894,0.8816690422350011,custom,30
1,precision,1.0,0.6153846153846151,1.0,0.7391304347826081,0.6000000000000001,0.7272727272727271,1.0,0.7142857142857141,0.833333333333333,0.842105263157894,0.8071512088216891,0.8363380984458131,custom,40
1,recall,0.9,0.6153846153846151,1.0,0.85,0.75,0.842105263157894,0.9,0.555555555555555,0.7894736842105261,0.8,0.8002519118308591,0.8273809523809521,custom,40
1,f1-score,0.9473684210526311,0.6153846153846151,1.0,0.7906976744186041,0.6666666666666661,0.780487804878048,0.9473684210526311,0.625,0.8108108108108101,0.82051282051282,0.800429723477683,0.829237820072353,custom,40
2,precision,0.9047619047619041,0.6153846153846151,1.0,0.6153846153846151,0.6666666666666661,0.875,1.0,1.0,0.7826086956521741,0.75,0.8209806497849971,0.8287549342479461,custom,40
2,recall,0.9500000000000001,0.6153846153846151,0.9500000000000001,0.8,0.75,0.7368421052631571,0.9,0.777777777777777,0.9473684210526311,0.6000000000000001,0.8027372919478181,0.81547619047619,custom,40
2,f1-score,0.9268292682926821,0.6153846153846151,0.9743589743589741,0.695652173913043,0.7058823529411761,0.799999999999999,0.9473684210526311,0.8750000000000001,0.8571428571428571,0.6666666666666661,0.8064285329752641,0.8168171618745451,custom,40
3,precision,0.9473684210526311,0.785714285714285,0.9090909090909091,0.8571428571428571,0.8571428571428571,0.9375,0.818181818181818,0.777777777777777,0.7142857142857141,0.75,0.835420464038885,0.839827602691794,custom,40
3,recall,0.9,0.846153846153846,1.0,0.6000000000000001,0.75,0.7894736842105261,0.9,0.777777777777777,0.7894736842105261,0.9,0.825287899235267,0.833333333333333,custom,40
3,f1-score,0.923076923076923,0.8148148148148141,0.9523809523809521,0.7058823529411761,0.799999999999999,0.8571428571428571,0.8571428571428571,0.777777777777777,0.7500000000000001,0.818181818181818,0.825640035345917,0.8313190770998891,custom,40
1,precision,0.9473684210526311,0.5,1.0,0.64,0.555555555555555,0.6086956521739131,0.894736842105263,0.8,0.6000000000000001,0.8823529411764701,0.7428709412063831,0.7642787257287861,custom,50
1,recall,0.9,0.30769230769230704,0.9,0.8,0.625,0.7368421052631571,0.85,0.44444444444444403,0.7894736842105261,0.75,0.7103452541610431,0.75,custom,50
1,f1-score,0.923076923076923,0.38095238095238104,0.9473684210526311,0.711111111111111,0.5882352941176471,0.6666666666666661,0.871794871794871,0.5714285714285711,0.6818181818181811,0.8108108108108101,0.7153263232829791,0.7482474721804661,custom,50
2,precision,0.9500000000000001,0.5,1.0,0.5769230769230761,0.7142857142857141,0.6818181818181811,1.0,1.0,0.6666666666666661,0.7058823529411761,0.7795575992634811,0.7826881335284691,custom,50
2,recall,0.9500000000000001,0.384615384615384,0.9500000000000001,0.75,0.625,0.7894736842105261,0.85,0.6666666666666661,0.842105263157894,0.6000000000000001,0.7407860998650471,0.767857142857142,custom,50
2,f1-score,0.9500000000000001,0.43478260869565205,0.9743589743589741,0.652173913043478,0.6666666666666661,0.73170731707317,0.9189189189189181,0.8,0.744186046511628,0.648648648648648,0.7521443093917131,0.7685088705588591,custom,50
3,precision,0.9444444444444441,0.7000000000000001,0.9090909090909091,0.38709677419354804,0.22222222222222202,0.7368421052631571,0.818181818181818,0.0,0.6666666666666661,0.5,0.588454494006276,0.647147162872969,custom,50
3,recall,0.85,0.538461538461538,1.0,0.6000000000000001,0.25,0.7368421052631571,0.9,0.0,0.9473684210526311,0.2,0.602267206477732,0.6666666666666661,custom,50
3,f1-score,0.894736842105263,0.6086956521739131,0.9523809523809521,0.47058823529411703,0.23529411764705802,0.7368421052631571,0.8571428571428571,0.0,0.7826086956521741,0.28571428571428503,0.582400374337378,0.6421203874379651,custom,50
1,precision,1.0,0.0,0.9473684210526311,0.44117647058823506,0.0,0.44444444444444403,0.75,0.25,0.37142857142857105,0.875,0.507941790751388,0.5834671734190751,custom,60
1,recall,0.9,0.0,0.9,0.75,0.0,0.210526315789473,0.75,0.555555555555555,0.684210526315789,0.35000000000000003,0.510029239766081,0.56547619047619,custom,60
1,f1-score,0.9473684210526311,0.0,0.923076923076923,0.555555555555555,0.0,0.28571428571428503,0.75,0.344827586206896,0.481481481481481,0.49999999999999906,0.47880242530877704,0.542858249085023,custom,60
2,precision,0.9500000000000001,0.0,1.0,0.5238095238095231,0.6666666666666661,0.7272727272727271,0.777777777777777,1.0,0.37777777777777705,0.4,0.6423304473304471,0.645006184291898,custom,60
2,recall,0.9500000000000001,0.0,0.65,0.55,0.25,0.421052631578947,0.7000000000000001,0.777777777777777,0.894736842105263,0.5,0.5693567251461981,0.601190476190476,custom,60
2,f1-score,0.9500000000000001,0.0,0.7878787878787881,0.536585365853658,0.36363636363636304,0.533333333333333,0.7368421052631571,0.8750000000000001,0.53125,0.44444444444444403,0.5758970400409741,0.5959892161382451,custom,60
3,precision,0.9411764705882351,0.46666666666666606,0.85,0.39130434782608703,0.0,0.6086956521739131,0.7222222222222221,0.0,0.35483870967741904,0.38095238095238004,0.47158564501069206,0.5362317141286931,custom,60
3,recall,0.8,0.538461538461538,0.85,0.45,0.0,0.7368421052631571,0.65,0.0,0.5789473684210521,0.4,0.5004251012145751,0.56547619047619,custom,60
3,f1-score,0.864864864864864,0.5,0.85,0.41860465116279005,0.0,0.6666666666666661,0.684210526315789,0.0,0.44000000000000006,0.390243902439024,0.48145906114491305,0.545744914061405,custom,60
1,precision,0.0,0.0,0.0,0.0,0.0,0.0,0.416666666666666,0.0,0.15384615384615302,0.07692307692307601,0.064743589743589,0.076159951159951,custom,70
1,recall,0.0,0.0,0.0,0.0,0.0,0.0,0.25,0.0,0.31578947368421,0.05,0.061578947368421004,0.07142857142857101,custom,70
1,f1-score,0.0,0.0,0.0,0.0,0.0,0.0,0.3125,0.0,0.206896551724137,0.060606060606060004,0.058000261233019004,0.067816402945713,custom,70
2,precision,0.9411764705882351,0.127659574468085,0.02127659574468,0.068965517241379,0.0,0.25,0.0,0.0,0.0,0.0,0.140907815804238,0.16094015559268401,custom,70
2,recall,0.8,0.461538461538461,0.05,0.1,0.0,0.26315789473684204,0.0,0.0,0.0,0.0,0.16746963562753,0.17857142857142802,custom,70
2,f1-score,0.864864864864864,0.2,0.029850746268656,0.08163265306122401,0.0,0.256410256410256,0.0,0.0,0.0,0.0,0.1432758520605,0.16070690568862903,custom,70
3,precision,0.041666666666666005,0.041666666666666005,0.09090909090909001,0.0,0.0,0.07843137254901901,1.0,0.0,0.035714285714285005,0.416666666666666,0.17050547491723902,0.200567158681654,custom,70
3,recall,0.05,0.07692307692307601,0.1,0.0,0.0,0.210526315789473,0.30000000000000004,0.0,0.052631578947368,0.25,0.104008097165991,0.11904761904761901,custom,70
3,f1-score,0.045454545454545005,0.054054054054054,0.09523809523809501,0.0,0.0,0.114285714285714,0.461538461538461,0.0,0.042553191489361,0.3125,0.11256240620602301,0.130817047363399,custom,70
1,precision,0.818181818181818,0.642857142857142,0.9473684210526311,0.708333333333333,0.5,0.9166666666666661,0.8636363636363631,1.0,0.818181818181818,0.8888888888888881,0.8104114452798661,0.8264728605424091,mitie,0
1,recall,0.9,0.6923076923076921,0.9,0.85,0.625,0.5789473684210521,0.9500000000000001,0.555555555555555,0.9473684210526311,0.8,0.7799179037336931,0.8095238095238091,mitie,0
1,f1-score,0.8571428571428571,0.6666666666666661,0.923076923076923,0.772727272727272,0.555555555555555,0.7096774193548381,0.9047619047619041,0.7142857142857141,0.8780487804878041,0.842105263157894,0.782404835721743,0.8077545521073201,mitie,0
2,precision,0.833333333333333,0.7272727272727271,0.9473684210526311,0.8823529411764701,0.6666666666666661,0.8125,0.7391304347826081,1.0,0.772727272727272,0.894736842105263,0.8276088639116971,0.8324145024922801,mitie,0
2,recall,1.0,0.6153846153846151,0.9,0.75,0.75,0.684210526315789,0.85,0.8888888888888881,0.894736842105263,0.85,0.8183220872694551,0.8273809523809521,mitie,0
2,f1-score,0.9090909090909091,0.6666666666666661,0.923076923076923,0.8108108108108101,0.7058823529411761,0.7428571428571431,0.7906976744186041,0.9411764705882351,0.829268292682926,0.871794871794871,0.8191322114928261,0.8259769094321061,mitie,0
3,precision,0.818181818181818,0.8,1.0,0.8,1.0,0.8888888888888881,0.7307692307692301,0.8571428571428571,0.9473684210526311,0.772727272727272,0.86150784887627,0.853790125218696,mitie,0
3,recall,0.9,0.6153846153846151,1.0,0.8,0.5,0.842105263157894,0.9500000000000001,0.6666666666666661,0.9473684210526311,0.85,0.80715249662618,0.845238095238095,mitie,0
3,f1-score,0.8571428571428571,0.695652173913043,1.0,0.8,0.6666666666666661,0.864864864864864,0.826086956521739,0.75,0.9473684210526311,0.8095238095238091,0.8217305749685611,0.8417518838714491,mitie,0
1,precision,0.9,0.583333333333333,0.9500000000000001,0.8095238095238091,0.416666666666666,0.9166666666666661,0.8695652173913041,1.0,0.8571428571428571,0.8571428571428571,0.8160041407867491,0.841331460120279,mitie,10
1,recall,0.9,0.538461538461538,0.9500000000000001,0.85,0.625,0.5789473684210521,1.0,0.6666666666666661,0.9473684210526311,0.9,0.7956443994601891,0.8273809523809521,mitie,10
1,f1-score,0.9,0.559999999999999,0.9500000000000001,0.829268292682926,0.5,0.7096774193548381,0.9302325581395341,0.8,0.9,0.8780487804878041,0.7957227050665101,0.8262789499639711,mitie,10
2,precision,0.833333333333333,0.7272727272727271,1.0,0.8823529411764701,0.6000000000000001,0.8,0.75,1.0,0.772727272727272,0.9444444444444441,0.8310130718954241,0.8413034405681461,mitie,10
2,recall,1.0,0.6153846153846151,0.9500000000000001,0.75,0.75,0.631578947368421,0.9,0.8888888888888881,0.894736842105263,0.85,0.823058929374718,0.833333333333333,mitie,10
2,f1-score,0.9090909090909091,0.6666666666666661,0.9743589743589741,0.8108108108108101,0.6666666666666661,0.7058823529411761,0.818181818181818,0.9411764705882351,0.829268292682926,0.894736842105263,0.8216839804093441,0.832035938054211,mitie,10
3,precision,0.894736842105263,0.6666666666666661,0.9523809523809521,0.7222222222222221,0.8,0.866666666666666,0.708333333333333,0.8571428571428571,0.85,0.6296296296296291,0.7947779170147591,0.7949028490538511,mitie,10
3,recall,0.85,0.6153846153846151,1.0,0.65,0.5,0.684210526315789,0.85,0.6666666666666661,0.894736842105263,0.85,0.756099865047233,0.785714285714285,mitie,10
3,f1-score,0.871794871794871,0.64,0.9756097560975611,0.684210526315789,0.6153846153846151,0.764705882352941,0.772727272727272,0.75,0.871794871794871,0.7234042553191491,0.7669632051787071,0.783580505339156,mitie,10
1,precision,0.85,0.5,0.9090909090909091,0.75,0.5,0.631578947368421,0.8,1.0,0.8571428571428571,0.7391304347826081,0.753694314838479,0.766369887876099,mitie,20
1,recall,0.85,0.30769230769230704,1.0,0.75,0.625,0.631578947368421,0.8,0.555555555555555,0.9473684210526311,0.85,0.731719523166891,0.767857142857142,mitie,20
1,f1-score,0.85,0.38095238095238104,0.9523809523809521,0.75,0.555555555555555,0.631578947368421,0.8,0.7142857142857141,0.9,0.7906976744186041,0.7325451224961621,0.7606367223892141,mitie,20
2,precision,0.9473684210526311,0.7272727272727271,0.9473684210526311,0.8235294117647051,0.7000000000000001,0.866666666666666,0.75,1.0,0.7826086956521741,0.772727272727272,0.831754161618881,0.834587189705644,mitie,20
2,recall,0.9,0.6153846153846151,0.9,0.7000000000000001,0.875,0.684210526315789,0.9,0.8888888888888881,0.9473684210526311,0.85,0.826085245164192,0.8273809523809521,mitie,20
2,f1-score,0.923076923076923,0.6666666666666661,0.923076923076923,0.756756756756756,0.777777777777777,0.764705882352941,0.818181818181818,0.9411764705882351,0.8571428571428571,0.8095238095238091,0.82380858851447,0.826112665398379,mitie,20
3,precision,0.9,0.7000000000000001,0.833333333333333,0.65,0.75,0.6000000000000001,0.68,0.8571428571428571,0.894736842105263,0.7368421052631571,0.7602055137844611,0.7572487767036631,mitie,20
3,recall,0.9,0.538461538461538,1.0,0.65,0.375,0.631578947368421,0.85,0.6666666666666661,0.894736842105263,0.7000000000000001,0.7206443994601881,0.75595238095238,mitie,20
3,f1-score,0.9,0.6086956521739131,0.9090909090909091,0.65,0.5,0.6153846153846151,0.7555555555555551,0.75,0.894736842105263,0.7179487179487181,0.7301412292258971,0.7500431834670961,mitie,20
1,precision,0.8888888888888881,0.5,0.8636363636363631,0.6666666666666661,0.44444444444444403,0.5789473684210521,0.7894736842105261,0.777777777777777,0.842105263157894,0.695652173913043,0.704759263111665,0.7270351851301501,mitie,30
1,recall,0.8,0.23076923076923,0.9500000000000001,0.8,0.5,0.5789473684210521,0.75,0.777777777777777,0.842105263157894,0.8,0.7029599640125951,0.7321428571428571,mitie,30
1,f1-score,0.842105263157894,0.31578947368421,0.9047619047619041,0.7272727272727271,0.47058823529411703,0.5789473684210521,0.769230769230769,0.777777777777777,0.842105263157894,0.744186046511627,0.6972764829269971,0.723935138446108,mitie,30
2,precision,0.818181818181818,0.6923076923076921,0.9500000000000001,0.7058823529411761,0.75,0.8125,0.708333333333333,0.833333333333333,0.7826086956521741,0.7368421052631571,0.7789989331012681,0.780903913165363,mitie,30
2,recall,0.9,0.6923076923076921,0.9500000000000001,0.6000000000000001,0.75,0.684210526315789,0.85,0.555555555555555,0.9473684210526311,0.7000000000000001,0.762944219523166,0.7797619047619041,mitie,30
2,f1-score,0.8571428571428571,0.6923076923076921,0.9500000000000001,0.648648648648648,0.75,0.7428571428571431,0.772727272727272,0.6666666666666661,0.8571428571428571,0.7179487179487181,0.765544185544185,0.775769940055654,mitie,30
3,precision,0.85,0.45454545454545403,0.833333333333333,0.5789473684210521,0.75,0.56,0.7368421052631571,1.0,0.9444444444444441,0.625,0.7333112706007441,0.726047568415989,mitie,30
3,recall,0.85,0.384615384615384,1.0,0.55,0.375,0.7368421052631571,0.7000000000000001,0.44444444444444403,0.894736842105263,0.75,0.6685638776428251,0.7142857142857141,mitie,30
3,f1-score,0.85,0.416666666666666,0.9090909090909091,0.5641025641025641,0.5,0.636363636363636,0.7179487179487181,0.6153846153846151,0.9189189189189191,0.6818181818181811,0.6810294210294211,0.7081232393732391,mitie,30
1,precision,0.7619047619047611,0.22222222222222202,0.9090909090909091,0.538461538461538,0.5454545454545451,0.5882352941176471,0.8,0.6000000000000001,0.833333333333333,0.52,0.631870260458495,0.656258770019274,mitie,40
1,recall,0.8,0.15384615384615302,1.0,0.7000000000000001,0.75,0.5263157894736841,0.8,0.33333333333333304,0.5263157894736841,0.65,0.623981106612685,0.6547619047619041,mitie,40
1,f1-score,0.780487804878048,0.18181818181818102,0.9523809523809521,0.6086956521739131,0.631578947368421,0.555555555555555,0.8,0.42857142857142805,0.6451612903225801,0.5777777777777771,0.616202759084685,0.6456778250930061,mitie,40
2,precision,0.9,0.5454545454545451,0.9047619047619041,0.625,0.6666666666666661,0.785714285714285,0.8,0.8571428571428571,0.68,0.647058823529411,0.741179908326967,0.747163774600749,mitie,40
2,recall,0.9,0.461538461538461,0.9500000000000001,0.75,0.75,0.5789473684210521,0.8,0.6666666666666661,0.894736842105263,0.55,0.7301889338731441,0.7440476190476191,mitie,40
2,f1-score,0.9,0.49999999999999906,0.9268292682926821,0.6818181818181811,0.7058823529411761,0.6666666666666661,0.8,0.75,0.772727272727272,0.5945945945945941,0.729851833704057,0.7399427652745441,mitie,40
3,precision,0.818181818181818,0.6000000000000001,0.8695652173913041,0.56,0.6666666666666661,0.44444444444444403,0.7619047619047611,0.8,0.8125,0.6666666666666661,0.699992957525566,0.7008431372658851,mitie,40
3,recall,0.9,0.23076923076923,1.0,0.7000000000000001,0.5,0.631578947368421,0.8,0.44444444444444403,0.684210526315789,0.6000000000000001,0.649100314889788,0.69047619047619,mitie,40
3,f1-score,0.8571428571428571,0.33333333333333304,0.9302325581395341,0.622222222222222,0.5714285714285711,0.521739130434782,0.780487804878048,0.5714285714285711,0.7428571428571431,0.631578947368421,0.6562451139233481,0.6815966430665911,mitie,40
1,precision,0.8,0.6666666666666661,0.9090909090909091,0.4,0.6666666666666661,0.5,0.631578947368421,0.6000000000000001,0.636363636363636,0.42857142857142805,0.6238938254727721,0.621284135663834,mitie,50
1,recall,0.8,0.461538461538461,1.0,0.30000000000000004,0.25,0.47368421052631504,0.6000000000000001,0.33333333333333304,0.7368421052631571,0.75,0.5705398110661261,0.613095238095238,mitie,50
1,f1-score,0.8,0.5454545454545451,0.9523809523809521,0.342857142857142,0.36363636363636304,0.486486486486486,0.6153846153846151,0.42857142857142805,0.6829268292682921,0.5454545454545451,0.576315290949437,0.6023663153454091,mitie,50
2,precision,0.7916666666666661,0.42857142857142805,0.7916666666666661,0.5625,1.0,0.5882352941176471,0.631578947368421,0.8,0.551724137931034,0.59090909090909,0.6736852232230951,0.653554078646252,mitie,50
2,recall,0.9500000000000001,0.23076923076923,0.9500000000000001,0.45,0.625,0.5263157894736841,0.6000000000000001,0.44444444444444403,0.842105263157894,0.65,0.626863472784525,0.6547619047619041,mitie,50
2,f1-score,0.8636363636363631,0.30000000000000004,0.8636363636363631,0.5,0.769230769230769,0.555555555555555,0.6153846153846151,0.5714285714285711,0.6666666666666661,0.6190476190476191,0.6324586524586521,0.6407918140060991,mitie,50
3,precision,0.772727272727272,0.384615384615384,0.842105263157894,0.33333333333333304,1.0,0.6666666666666661,0.433333333333333,0.0,0.7619047619047611,0.5882352941176471,0.578292130985629,0.5924853992633731,mitie,50
3,recall,0.85,0.384615384615384,0.8,0.4,0.125,0.7368421052631571,0.65,0.0,0.842105263157894,0.5,0.528856275303643,0.595238095238095,mitie,50
3,f1-score,0.8095238095238091,0.384615384615384,0.82051282051282,0.36363636363636304,0.22222222222222202,0.7000000000000001,0.519999999999999,0.0,0.8,0.54054054054054,0.5161051141051141,0.573583621797907,mitie,50
1,precision,0.6129032258064511,0.0,0.7619047619047611,0.19354838709677402,0.0,0.41176470588235203,0.47619047619047605,0.0,0.7272727272727271,0.27272727272727204,0.345631155688081,0.404685676812269,mitie,60
1,recall,0.9500000000000001,0.0,0.8,0.30000000000000004,0.0,0.36842105263157804,0.5,0.0,0.421052631578947,0.45,0.37894736842105203,0.446428571428571,mitie,60
1,f1-score,0.7450980392156861,0.0,0.780487804878048,0.23529411764705802,0.0,0.388888888888888,0.48780487804878003,0.0,0.533333333333333,0.33962264150943405,0.351052970352123,0.41243078481072803,mitie,60
2,precision,0.68,0.2,0.625,0.35483870967741904,0.0,0.5,0.44444444444444403,1.0,0.5,0.22222222222222202,0.45265053763440805,0.45910778289810505,mitie,60
2,recall,0.85,0.07692307692307601,0.5,0.55,0.0,0.421052631578947,0.6000000000000001,0.22222222222222202,0.7368421052631571,0.2,0.41570400359874005,0.470238095238095,mitie,60
2,f1-score,0.7555555555555551,0.11111111111111101,0.555555555555555,0.43137254901960703,0.0,0.457142857142857,0.51063829787234,0.36363636363636304,0.595744680851063,0.210526315789473,0.39912832865339204,0.44044643104111203,mitie,60
3,precision,0.56,0.44444444444444403,0.5483870967741931,0.33333333333333304,0.0,0.6153846153846151,0.38095238095238004,0.0,0.583333333333333,0.37037037037037,0.38362055745926704,0.43103739542871605,mitie,60
3,recall,0.7000000000000001,0.30769230769230704,0.85,0.25,0.0,0.421052631578947,0.4,0.0,0.7368421052631571,0.5,0.416558704453441,0.47619047619047605,mitie,60
3,f1-score,0.622222222222222,0.36363636363636304,0.6666666666666661,0.28571428571428503,0.0,0.5,0.390243902439024,0.0,0.651162790697674,0.425531914893617,0.39051781462698504,0.442898485650267,mitie,60
1,precision,0.0,0.08823529411764701,0.0,0.0,0.0,0.08,0.25,0.0,0.8571428571428571,0.14864864864864802,0.14240267999091502,0.16027229810843202,mitie,70
1,recall,0.0,0.23076923076923,0.0,0.0,0.0,0.105263157894736,0.1,0.0,0.31578947368421,0.55,0.130182186234817,0.14285714285714202,mitie,70
1,f1-score,0.0,0.127659574468085,0.0,0.0,0.0,0.09090909090909001,0.14285714285714202,0.0,0.461538461538461,0.234042553191489,0.10570068229642701,0.11722661836643601,mitie,70
2,precision,0.33333333333333304,0.25,0.066666666666666,0.043478260869565,0.0,0.088888888888888,0.14285714285714202,0.0,0.047619047619047006,0.0,0.09728433402346401,0.104585469453481,mitie,70
2,recall,0.25,0.15384615384615302,0.1,0.05,0.0,0.210526315789473,0.15,0.0,0.052631578947368,0.0,0.096700404858299,0.10714285714285701,mitie,70
2,f1-score,0.28571428571428503,0.19047619047619002,0.08,0.046511627906976,0.0,0.125,0.146341463414634,0.0,0.05,0.0,0.092404356751208,0.10102701200540701,mitie,70
3,precision,0.4,0.0,0.210526315789473,0.0,0.0,0.16666666666666602,0.22222222222222202,0.0,0.33333333333333304,0.0,0.13327485380116902,0.155684349763297,mitie,70
3,recall,0.4,0.0,0.8,0.0,0.0,0.052631578947368,0.2,0.0,0.421052631578947,0.0,0.18736842105263102,0.220238095238095,mitie,70
3,f1-score,0.4,0.0,0.33333333333333304,0.0,0.0,0.08,0.210526315789473,0.0,0.372093023255814,0.0,0.139595267237862,0.163493812049503,mitie,70
1,precision,0.9523809523809521,0.785714285714285,1.0,1.0,0.8888888888888881,1.0,0.9523809523809521,1.0,1.0,1.0,0.9579365079365071,0.966789493575207,recommended,0
1,recall,1.0,0.846153846153846,1.0,1.0,1.0,1.0,1.0,0.777777777777777,0.9473684210526311,0.9500000000000001,0.9521300044984251,0.9642857142857141,recommended,0
1,f1-score,0.9756097560975611,0.8148148148148141,1.0,1.0,0.9411764705882351,1.0,0.9756097560975611,0.8750000000000001,0.972972972972973,0.9743589743589741,0.9529542744930111,0.9642563129456361,recommended,0
2,precision,1.0,0.8571428571428571,1.0,0.9523809523809521,1.0,0.9500000000000001,0.9523809523809521,1.0,1.0,1.0,0.971190476190476,0.9719529478458041,recommended,0
2,recall,1.0,0.923076923076923,1.0,1.0,0.875,1.0,1.0,0.8888888888888881,0.9473684210526311,0.9500000000000001,0.9584334233018441,0.9702380952380951,recommended,0
2,f1-score,1.0,0.8888888888888891,1.0,0.9756097560975611,0.9333333333333331,0.9743589743589741,0.9756097560975611,0.9411764705882351,0.972972972972973,0.9743589743589741,0.9636309126696501,0.9702600427851501,recommended,0
3,precision,1.0,0.818181818181818,0.9523809523809521,1.0,0.7272727272727271,0.9473684210526311,1.0,1.0,1.0,1.0,0.9445203918888131,0.9613224077509791,recommended,0
3,recall,1.0,0.6923076923076921,1.0,1.0,1.0,0.9473684210526311,1.0,1.0,0.9473684210526311,0.9500000000000001,0.9537044534412951,0.958333333333333,recommended,0
3,f1-score,1.0,0.7500000000000001,0.9756097560975611,1.0,0.842105263157894,0.9473684210526311,1.0,1.0,0.972972972972973,0.9743589743589741,0.9462415387640031,0.958170852386192,recommended,0
1,precision,1.0,0.9,0.9523809523809521,0.9523809523809521,0.8,0.9500000000000001,0.9473684210526311,1.0,1.0,1.0,0.9502130325814531,0.9594798006922061,recommended,10
1,recall,1.0,0.6923076923076921,1.0,1.0,1.0,1.0,0.9,1.0,0.9473684210526311,1.0,0.953967611336032,0.958333333333333,recommended,10
1,f1-score,1.0,0.7826086956521731,0.9756097560975611,0.9756097560975611,0.8888888888888891,0.9743589743589741,0.923076923076923,1.0,0.972972972972973,1.0,0.9493125967145051,0.956965832496055,recommended,10
2,precision,1.0,0.8571428571428571,1.0,1.0,1.0,0.9500000000000001,0.9523809523809521,1.0,0.9444444444444441,1.0,0.970396825396825,0.9713388133030991,recommended,10
2,recall,1.0,0.923076923076923,1.0,1.0,0.875,1.0,1.0,0.8888888888888881,0.894736842105263,1.0,0.958170265407107,0.9702380952380951,recommended,10
2,f1-score,1.0,0.8888888888888891,1.0,1.0,0.9333333333333331,0.9743589743589741,0.9756097560975611,0.9411764705882351,0.9189189189189191,1.0,0.9632286342185911,0.9701028901889731,recommended,10
3,precision,0.8695652173913041,0.8,1.0,1.0,0.8,0.8571428571428571,1.0,1.0,1.0,1.0,0.932670807453416,0.9433155871044071,recommended,10
3,recall,1.0,0.6153846153846151,1.0,0.9,1.0,0.9473684210526311,0.9500000000000001,1.0,0.9473684210526311,1.0,0.9360121457489871,0.94047619047619,recommended,10
3,f1-score,0.9302325581395341,0.695652173913043,1.0,0.9473684210526311,0.8888888888888891,0.9,0.9743589743589741,1.0,0.972972972972973,1.0,0.930947398932604,0.9391683031517261,recommended,10
1,precision,1.0,0.769230769230769,0.9523809523809521,0.9500000000000001,0.8,1.0,0.9,1.0,1.0,0.9523809523809521,0.932399267399267,0.9434240362811791,recommended,20
1,recall,1.0,0.769230769230769,1.0,0.9500000000000001,1.0,1.0,0.9,0.6666666666666661,0.9473684210526311,1.0,0.923326585695006,0.94047619047619,recommended,20
1,f1-score,1.0,0.769230769230769,0.9756097560975611,0.9500000000000001,0.8888888888888891,1.0,0.9,0.8,0.972972972972973,0.9756097560975611,0.9232312143287751,0.9394165942946431,recommended,20
2,precision,1.0,0.8125,1.0,0.9523809523809521,1.0,1.0,1.0,1.0,0.9444444444444441,1.0,0.9709325396825391,0.973539068405139,recommended,20
2,recall,1.0,1.0,1.0,1.0,0.75,1.0,1.0,0.8888888888888881,0.894736842105263,1.0,0.9533625730994151,0.9702380952380951,recommended,20
2,f1-score,1.0,0.896551724137931,1.0,0.9756097560975611,0.8571428571428571,1.0,1.0,0.9411764705882351,0.9189189189189191,1.0,0.95893997268855,0.969967607664528,recommended,20
3,precision,0.9090909090909091,0.8888888888888881,1.0,0.9473684210526311,0.8,0.9047619047619041,0.9523809523809521,1.0,1.0,0.9473684210526311,0.934985949722791,0.942084558437941,recommended,20
3,recall,1.0,0.6153846153846151,1.0,0.9,1.0,1.0,1.0,1.0,0.9473684210526311,0.9,0.936275303643724,0.94047619047619,recommended,20
3,f1-score,0.9523809523809521,0.7272727272727271,1.0,0.923076923076923,0.8888888888888891,0.9500000000000001,0.9756097560975611,1.0,0.972972972972973,0.923076923076923,0.931327914376694,0.9380061556237511,recommended,20
1,precision,0.9523809523809521,0.9166666666666661,0.9090909090909091,0.9523809523809521,0.8888888888888881,1.0,0.9500000000000001,1.0,0.9500000000000001,1.0,0.9519408369408361,0.954493059850202,recommended,30
1,recall,1.0,0.846153846153846,1.0,1.0,1.0,1.0,0.9500000000000001,0.555555555555555,1.0,0.9500000000000001,0.93017094017094,0.9523809523809521,recommended,30
1,f1-score,0.9756097560975611,0.8799999999999991,0.9523809523809521,0.9756097560975611,0.9411764705882351,1.0,0.9500000000000001,0.7142857142857141,0.9743589743589741,0.9743589743589741,0.9337780598167971,0.949226145742849,recommended,30
2,precision,1.0,0.6923076923076921,0.9523809523809521,1.0,0.8571428571428571,0.826086956521739,1.0,1.0,1.0,1.0,0.932791845835324,0.944050083801636,recommended,30
2,recall,1.0,0.6923076923076921,1.0,1.0,0.75,1.0,1.0,0.777777777777777,0.9473684210526311,0.9500000000000001,0.9117453891138101,0.94047619047619,recommended,30
2,f1-score,1.0,0.6923076923076921,0.9756097560975611,1.0,0.799999999999999,0.9047619047619041,1.0,0.8750000000000001,0.972972972972973,0.9743589743589741,0.9195011300499101,0.9401865314648411,recommended,30
3,precision,0.9523809523809521,0.9,0.9090909090909091,0.8888888888888881,0.8,0.9473684210526311,0.9500000000000001,1.0,0.9500000000000001,0.8,0.9097729171413381,0.9116500893286601,recommended,30
3,recall,1.0,0.6923076923076921,1.0,0.8,1.0,0.9473684210526311,0.9500000000000001,0.8888888888888881,1.0,0.8,0.907856500224921,0.910714285714285,recommended,30
3,f1-score,0.9756097560975611,0.7826086956521731,0.9523809523809521,0.842105263157894,0.8888888888888891,0.9473684210526311,0.9500000000000001,0.9411764705882351,0.9743589743589741,0.8,0.9054497422177311,0.9087520972347151,recommended,30
1,precision,0.8695652173913041,0.7000000000000001,0.833333333333333,0.9,0.6666666666666661,1.0,0.9375,1.0,0.9047619047619041,0.8888888888888881,0.8700716011042091,0.8821997518814281,recommended,40
1,recall,1.0,0.538461538461538,1.0,0.9,1.0,1.0,0.75,0.555555555555555,1.0,0.8,0.8544017094017091,0.875,recommended,40
1,f1-score,0.9302325581395341,0.6086956521739131,0.9090909090909091,0.9,0.8,1.0,0.833333333333333,0.7142857142857141,0.9500000000000001,0.842105263157894,0.84877434301813,0.8695646201265811,recommended,40
2,precision,0.7916666666666661,0.6666666666666661,0.833333333333333,0.9473684210526311,0.7000000000000001,0.8571428571428571,0.9047619047619041,1.0,0.9411764705882351,0.9411764705882351,0.8583292790800531,0.867862320366743,recommended,40
2,recall,0.9500000000000001,0.461538461538461,1.0,0.9,0.875,0.9473684210526311,0.9500000000000001,0.6666666666666661,0.842105263157894,0.8,0.839267881241565,0.863095238095238,recommended,40
2,f1-score,0.8636363636363631,0.5454545454545451,0.9090909090909091,0.923076923076923,0.777777777777777,0.9,0.9268292682926821,0.8,0.8888888888888881,0.864864864864864,0.8399619541082951,0.858642778459851,recommended,40
3,precision,0.8695652173913041,1.0,0.7826086956521741,0.6153846153846151,0.7272727272727271,1.0,0.9,0.8888888888888881,0.9047619047619041,0.6086956521739131,0.8297177701525521,0.824605604885108,recommended,40
3,recall,1.0,0.538461538461538,0.9,0.4,1.0,0.9473684210526311,0.9,0.8888888888888881,1.0,0.7000000000000001,0.8274718848403061,0.8214285714285711,recommended,40
3,f1-score,0.9302325581395341,0.7000000000000001,0.8372093023255811,0.48484848484848403,0.842105263157894,0.972972972972973,0.9,0.8888888888888881,0.9500000000000001,0.651162790697674,0.8157420261031031,0.8121570911427091,recommended,40
1,precision,0.5882352941176471,0.8888888888888881,0.8571428571428571,0.59090909090909,0.6666666666666661,0.85,0.9166666666666661,1.0,0.9,0.7333333333333331,0.799184279772515,0.7908609150731001,recommended,50
1,recall,1.0,0.6153846153846151,0.9,0.65,0.75,0.894736842105263,0.55,0.6666666666666661,0.9473684210526311,0.55,0.7524156545209171,0.7619047619047611,recommended,50
1,f1-score,0.74074074074074,0.7272727272727271,0.8780487804878041,0.6190476190476191,0.7058823529411761,0.871794871794871,0.687499999999999,0.8,0.923076923076923,0.628571428571428,0.7581935443933291,0.75882345093804,recommended,50
2,precision,0.512820512820512,0.8571428571428571,0.777777777777777,0.5714285714285711,0.583333333333333,0.7391304347826081,0.75,1.0,0.8125,0.846153846153846,0.74502873334395,0.7348459299643301,recommended,50
2,recall,1.0,0.461538461538461,0.7000000000000001,0.6000000000000001,0.875,0.894736842105263,0.45,0.777777777777777,0.684210526315789,0.55,0.699326360773729,0.69047619047619,recommended,50
2,f1-score,0.677966101694915,0.6000000000000001,0.7368421052631571,0.585365853658536,0.7000000000000001,0.8095238095238091,0.5625,0.8750000000000001,0.7428571428571431,0.6666666666666661,0.6956721679664221,0.686649122862521,recommended,50
3,precision,0.689655172413793,1.0,0.7826086956521741,0.5714285714285711,0.8888888888888881,0.72,0.8571428571428571,0.8888888888888881,0.9444444444444441,0.52,0.7863057518859611,0.7628110802875201,recommended,50
3,recall,1.0,0.15384615384615302,0.9,0.6000000000000001,1.0,0.9473684210526311,0.30000000000000004,0.8888888888888881,0.894736842105263,0.65,0.733484030589293,0.726190476190476,recommended,50
3,f1-score,0.816326530612244,0.266666666666666,0.8372093023255811,0.585365853658536,0.9411764705882351,0.818181818181818,0.44444444444444403,0.8888888888888881,0.9189189189189191,0.5777777777777771,0.7094956672063111,0.6977587536467751,recommended,50
1,precision,0.684210526315789,0.7272727272727271,0.6153846153846151,0.323529411764705,1.0,0.9375,0.769230769230769,1.0,0.8,0.47368421052631504,0.7330812260494921,0.69516569118446,recommended,60
1,recall,0.65,0.6153846153846151,0.8,0.55,0.75,0.7894736842105261,0.5,0.44444444444444403,0.842105263157894,0.45,0.6391408007197481,0.642857142857142,recommended,60
1,f1-score,0.6666666666666661,0.6666666666666661,0.695652173913043,0.40740740740740705,0.8571428571428571,0.8571428571428571,0.6060606060606061,0.6153846153846151,0.82051282051282,0.461538461538461,0.6654175132436001,0.652882352675313,recommended,60
2,precision,0.514285714285714,0.5,0.5454545454545451,0.4,0.625,0.5862068965517241,0.4,1.0,0.866666666666666,0.44444444444444403,0.5882058267403091,0.5606445939574011,recommended,60
2,recall,0.9,0.23076923076923,0.30000000000000004,0.5,0.625,0.894736842105263,0.5,0.555555555555555,0.684210526315789,0.2,0.539027215474584,0.5416666666666661,recommended,60
2,f1-score,0.6545454545454541,0.31578947368421,0.38709677419354804,0.44444444444444403,0.625,0.708333333333333,0.44444444444444403,0.7142857142857141,0.764705882352941,0.275862068965517,0.5334507590249601,0.5217228774784141,recommended,60
3,precision,0.5,1.0,0.52,0.375,1.0,0.708333333333333,0.833333333333333,0.75,0.928571428571428,0.478260869565217,0.7093498964803311,0.6725183007985801,recommended,60
3,recall,1.0,0.384615384615384,0.65,0.30000000000000004,0.875,0.894736842105263,0.25,0.6666666666666661,0.684210526315789,0.55,0.62552294197031,0.613095238095238,recommended,60
3,f1-score,0.6666666666666661,0.555555555555555,0.5777777777777771,0.33333333333333304,0.9333333333333331,0.7906976744186041,0.384615384615384,0.7058823529411761,0.7878787878787871,0.511627906976744,0.624736877349736,0.5983047871214761,recommended,60
1,precision,0.31372549019607804,0.347826086956521,0.5,0.23529411764705802,0.5,0.8888888888888881,0.0,0.8,0.818181818181818,0.375,0.47789164018703606,0.45616949239072,recommended,70
1,recall,0.8,0.6153846153846151,0.15,0.4,0.625,0.421052631578947,0.0,0.44444444444444403,0.47368421052631504,0.30000000000000004,0.422956590193432,0.398809523809523,recommended,70
1,f1-score,0.450704225352112,0.44444444444444403,0.23076923076923,0.296296296296296,0.555555555555555,0.5714285714285711,0.0,0.5714285714285711,0.6000000000000001,0.33333333333333304,0.40539602286081106,0.38002549962643806,recommended,70
2,precision,0.25,0.6666666666666661,0.27272727272727204,0.2,0.833333333333333,0.6923076923076921,0.33333333333333304,0.6000000000000001,0.75,0.28571428571428503,0.488408258408258,0.446265936444507,recommended,70
2,recall,1.0,0.461538461538461,0.15,0.05,0.625,0.9473684210526311,0.1,0.6666666666666661,0.31578947368421,0.1,0.44163630229419704,0.41071428571428503,recommended,70
2,f1-score,0.4,0.5454545454545451,0.19354838709677402,0.08,0.7142857142857141,0.799999999999999,0.15384615384615302,0.631578947368421,0.44444444444444403,0.148148148148148,0.41113063406442,0.36693275927247904,recommended,70
3,precision,0.43181818181818105,0.25,0.318181818181818,0.28571428571428503,1.0,0.5882352941176471,0.25,0.375,0.769230769230769,0.344827586206896,0.461300793526959,0.43468864667883006,recommended,70
3,recall,0.9500000000000001,0.23076923076923,0.35000000000000003,0.2,0.625,0.5263157894736841,0.05,0.33333333333333304,0.5263157894736841,0.5,0.429173414304993,0.42857142857142805,recommended,70
3,f1-score,0.59375,0.24000000000000002,0.33333333333333304,0.23529411764705802,0.769230769230769,0.555555555555555,0.08333333333333301,0.35294117647058804,0.625,0.408163265306122,0.419660155087676,0.40451400767877305,recommended,70
1,precision,0.9500000000000001,0.6666666666666661,1.0,0.9090909090909091,0.5454545454545451,0.9411764705882351,0.9473684210526311,1.0,0.9473684210526311,0.9500000000000001,0.885712543390561,0.910963348656847,pretrained_embeddings_spacy,0
1,recall,0.9500000000000001,0.769230769230769,1.0,1.0,0.75,0.842105263157894,0.9,0.555555555555555,0.9473684210526311,0.9500000000000001,0.866426000899685,0.8988095238095231,pretrained_embeddings_spacy,0
1,f1-score,0.9500000000000001,0.7142857142857141,1.0,0.9523809523809521,0.631578947368421,0.8888888888888881,0.923076923076923,0.7142857142857141,0.9473684210526311,0.9500000000000001,0.867186556133924,0.8997914505433301,pretrained_embeddings_spacy,0
2,precision,0.9047619047619041,0.6875,0.9500000000000001,0.9473684210526311,0.8571428571428571,0.923076923076923,0.75,0.8888888888888881,0.8636363636363631,0.9411764705882351,0.8713551829147801,0.8786210192425641,pretrained_embeddings_spacy,0
2,recall,0.9500000000000001,0.846153846153846,0.9500000000000001,0.9,0.75,0.631578947368421,0.9,0.8888888888888881,1.0,0.8,0.8616621682411151,0.8690476190476191,pretrained_embeddings_spacy,0
2,f1-score,0.9268292682926821,0.758620689655172,0.9500000000000001,0.923076923076923,0.799999999999999,0.7499999999999991,0.818181818181818,0.8888888888888881,0.9268292682926821,0.864864864864864,0.8607291721253031,0.867743348520261,pretrained_embeddings_spacy,0
3,precision,0.833333333333333,0.923076923076923,0.9523809523809521,0.9,1.0,0.75,0.8571428571428571,1.0,1.0,1.0,0.921593406593406,0.911352040816326,pretrained_embeddings_spacy,0
3,recall,1.0,0.923076923076923,1.0,0.9,0.75,0.9473684210526311,0.9,0.555555555555555,0.894736842105263,0.85,0.8720737741790371,0.8988095238095231,pretrained_embeddings_spacy,0
3,f1-score,0.9090909090909091,0.923076923076923,0.9756097560975611,0.9,0.8571428571428571,0.8372093023255811,0.8780487804878041,0.7142857142857141,0.9444444444444441,0.9189189189189181,0.8857827605870711,0.8974434688467181,pretrained_embeddings_spacy,0
1,precision,0.9473684210526311,0.6153846153846151,1.0,0.9523809523809521,0.461538461538461,0.9411764705882351,0.9,1.0,0.9473684210526311,0.9523809523809521,0.871759829437847,0.9024837330343741,pretrained_embeddings_spacy,10
1,recall,0.9,0.6153846153846151,1.0,1.0,0.75,0.842105263157894,0.9,0.555555555555555,0.9473684210526311,1.0,0.851041385515069,0.8869047619047611,pretrained_embeddings_spacy,10
1,f1-score,0.923076923076923,0.6153846153846151,1.0,0.9756097560975611,0.5714285714285711,0.8888888888888881,0.9,0.7142857142857141,0.9473684210526311,0.9756097560975611,0.8511652646312461,0.8891358190138671,pretrained_embeddings_spacy,10
2,precision,0.8636363636363631,0.6875,0.9500000000000001,0.9090909090909091,0.8571428571428571,0.923076923076923,0.8,0.8888888888888881,0.8636363636363631,0.9411764705882351,0.8684148776060541,0.875120655779794,pretrained_embeddings_spacy,10
2,recall,0.9500000000000001,0.846153846153846,0.9500000000000001,1.0,0.75,0.631578947368421,0.8,0.8888888888888881,1.0,0.8,0.8616621682411151,0.8690476190476191,pretrained_embeddings_spacy,10
2,f1-score,0.9047619047619041,0.758620689655172,0.9500000000000001,0.9523809523809521,0.799999999999999,0.7499999999999991,0.8,0.8888888888888881,0.9268292682926821,0.864864864864864,0.8596346568844461,0.866440354185908,pretrained_embeddings_spacy,10
3,precision,0.8636363636363631,0.8571428571428571,0.9523809523809521,0.85,1.0,0.7391304347826081,0.818181818181818,1.0,0.9444444444444441,1.0,0.9024916870569041,0.8917545388818681,pretrained_embeddings_spacy,10
3,recall,0.9500000000000001,0.923076923076923,1.0,0.85,0.625,0.894736842105263,0.9,0.555555555555555,0.894736842105263,0.9,0.8493106162843,0.88095238095238,pretrained_embeddings_spacy,10
3,f1-score,0.9047619047619041,0.8888888888888891,0.9756097560975611,0.85,0.769230769230769,0.8095238095238091,0.8571428571428571,0.7142857142857141,0.9189189189189191,0.9473684210526311,0.8635731039903051,0.8790240699969291,pretrained_embeddings_spacy,10
1,precision,1.0,0.6666666666666661,1.0,0.8,0.5,0.9,0.9411764705882351,0.833333333333333,0.9473684210526311,0.9047619047619041,0.8493306796402771,0.8820561557956511,pretrained_embeddings_spacy,20
1,recall,0.9,0.6153846153846151,1.0,1.0,0.625,0.9473684210526311,0.8,0.555555555555555,0.9473684210526311,0.9500000000000001,0.8340677013045431,0.875,pretrained_embeddings_spacy,20
1,f1-score,0.9473684210526311,0.64,1.0,0.8888888888888891,0.555555555555555,0.923076923076923,0.864864864864864,0.6666666666666661,0.9473684210526311,0.9268292682926821,0.836061900945084,0.874178183600519,pretrained_embeddings_spacy,20
2,precision,0.8636363636363631,0.6875,0.9500000000000001,0.9411764705882351,0.8571428571428571,0.866666666666666,0.6666666666666661,0.8888888888888881,0.8571428571428571,0.8823529411764701,0.8461173711909,0.8489504324457051,pretrained_embeddings_spacy,20
2,recall,0.9500000000000001,0.846153846153846,0.9500000000000001,0.8,0.75,0.684210526315789,0.8,0.8888888888888881,0.9473684210526311,0.75,0.8366621682411151,0.8392857142857141,pretrained_embeddings_spacy,20
2,f1-score,0.9047619047619041,0.758620689655172,0.9500000000000001,0.864864864864864,0.799999999999999,0.764705882352941,0.7272727272727271,0.8888888888888881,0.9,0.8108108108108101,0.83699257686073,0.8395576600263641,pretrained_embeddings_spacy,20
3,precision,0.8695652173913041,0.6923076923076921,0.9523809523809521,0.75,1.0,0.708333333333333,0.8888888888888881,1.0,0.8823529411764701,1.0,0.8743829025478641,0.8657127404101731,pretrained_embeddings_spacy,20
3,recall,1.0,0.6923076923076921,1.0,0.9,0.625,0.894736842105263,0.8,0.555555555555555,0.7894736842105261,0.9,0.8157073774179031,0.851190476190476,pretrained_embeddings_spacy,20
3,f1-score,0.9302325581395341,0.6923076923076921,0.9756097560975611,0.818181818181818,0.769230769230769,0.7906976744186041,0.842105263157894,0.7142857142857141,0.833333333333333,0.9473684210526311,0.8313353000205551,0.8494581134660311,pretrained_embeddings_spacy,20
1,precision,0.9444444444444441,0.7142857142857141,1.0,0.75,0.5454545454545451,0.8235294117647051,0.7000000000000001,0.625,0.9411764705882351,0.8636363636363631,0.7907526950174001,0.8212224915218611,pretrained_embeddings_spacy,30
1,recall,0.85,0.769230769230769,0.85,0.9,0.75,0.7368421052631571,0.7000000000000001,0.555555555555555,0.842105263157894,0.9500000000000001,0.7903733693207371,0.8095238095238091,pretrained_embeddings_spacy,30
1,f1-score,0.894736842105263,0.74074074074074,0.9189189189189181,0.818181818181818,0.631578947368421,0.777777777777777,0.7000000000000001,0.5882352941176471,0.8888888888888881,0.9047619047619041,0.786382113286138,0.8117561619146461,pretrained_embeddings_spacy,30
2,precision,0.826086956521739,0.583333333333333,0.9500000000000001,1.0,0.6666666666666661,0.8235294117647051,0.7142857142857141,0.8888888888888881,0.8571428571428571,0.8888888888888881,0.8198822717492791,0.8359206605347451,pretrained_embeddings_spacy,30
2,recall,0.9500000000000001,0.538461538461538,0.9500000000000001,0.9,0.75,0.7368421052631571,0.75,0.8888888888888881,0.9473684210526311,0.8,0.821156095366621,0.833333333333333,pretrained_embeddings_spacy,30
2,f1-score,0.883720930232558,0.559999999999999,0.9500000000000001,0.9473684210526311,0.7058823529411761,0.777777777777777,0.73170731707317,0.8888888888888881,0.9,0.842105263157894,0.8187450951124091,0.832755209712096,pretrained_embeddings_spacy,30
3,precision,0.818181818181818,0.769230769230769,0.9090909090909091,0.8095238095238091,1.0,0.7368421052631571,0.833333333333333,0.6000000000000001,0.8823529411764701,0.85,0.8208555685800261,0.8248053766961331,pretrained_embeddings_spacy,30
3,recall,0.9,0.769230769230769,1.0,0.85,0.75,0.7368421052631571,0.75,0.6666666666666661,0.7894736842105261,0.85,0.8062213225371121,0.8214285714285711,pretrained_embeddings_spacy,30
3,f1-score,0.8571428571428571,0.769230769230769,0.9523809523809521,0.829268292682926,0.8571428571428571,0.7368421052631571,0.7894736842105261,0.631578947368421,0.833333333333333,0.85,0.8106393798755801,0.821071443125816,pretrained_embeddings_spacy,30
1,precision,0.9473684210526311,0.5,0.9523809523809521,0.7894736842105261,0.625,0.65,0.7222222222222221,0.8,0.875,0.7307692307692301,0.7592214510635561,0.776900536980424,pretrained_embeddings_spacy,40
1,recall,0.9,0.6153846153846151,1.0,0.75,0.625,0.684210526315789,0.65,0.44444444444444403,0.7368421052631571,0.9500000000000001,0.7355881691408,0.767857142857142,pretrained_embeddings_spacy,40
1,f1-score,0.923076923076923,0.551724137931034,0.9756097560975611,0.769230769230769,0.625,0.6666666666666661,0.684210526315789,0.5714285714285711,0.799999999999999,0.826086956521739,0.7393034307269051,0.766346644211207,pretrained_embeddings_spacy,40
2,precision,0.826086956521739,0.5714285714285711,0.8571428571428571,0.9411764705882351,0.5,0.8,0.583333333333333,0.833333333333333,0.818181818181818,0.875,0.7605683340529881,0.7817191567008881,pretrained_embeddings_spacy,40
2,recall,0.9500000000000001,0.6153846153846151,0.9,0.8,0.625,0.631578947368421,0.7000000000000001,0.555555555555555,0.9473684210526311,0.7000000000000001,0.742488753936122,0.767857142857142,pretrained_embeddings_spacy,40
2,f1-score,0.883720930232558,0.592592592592592,0.8780487804878041,0.864864864864864,0.555555555555555,0.7058823529411761,0.636363636363636,0.6666666666666661,0.8780487804878041,0.777777777777777,0.743952193797043,0.768204520701378,pretrained_embeddings_spacy,40
3,precision,0.8695652173913041,0.6666666666666661,0.9047619047619041,0.64,1.0,0.5416666666666661,0.6818181818181811,0.75,0.875,1.0,0.7929478637304721,0.7872395203140541,pretrained_embeddings_spacy,40
3,recall,1.0,0.461538461538461,0.9500000000000001,0.8,0.75,0.684210526315789,0.75,0.6666666666666661,0.7368421052631571,0.7000000000000001,0.749925775978407,0.767857142857142,pretrained_embeddings_spacy,40
3,f1-score,0.9302325581395341,0.5454545454545451,0.9268292682926821,0.711111111111111,0.8571428571428571,0.6046511627906971,0.7142857142857141,0.7058823529411761,0.799999999999999,0.8235294117647051,0.7619118981923021,0.7685067052941711,pretrained_embeddings_spacy,40
1,precision,0.9047619047619041,0.5,0.769230769230769,0.481481481481481,0.6666666666666661,0.583333333333333,1.0,0.6666666666666661,0.875,0.48,0.692714082214082,0.7038758915247011,pretrained_embeddings_spacy,50
1,recall,0.9500000000000001,0.461538461538461,1.0,0.65,0.5,0.7368421052631571,0.25,0.44444444444444403,0.7368421052631571,0.6000000000000001,0.632966711650922,0.660714285714285,pretrained_embeddings_spacy,50
1,f1-score,0.9268292682926821,0.48000000000000004,0.8695652173913041,0.553191489361702,0.5714285714285711,0.651162790697674,0.4,0.533333333333333,0.799999999999999,0.533333333333333,0.6318844003838601,0.647868498584909,pretrained_embeddings_spacy,50
2,precision,0.8636363636363631,0.5625,0.8095238095238091,0.625,0.833333333333333,0.636363636363636,0.769230769230769,0.833333333333333,0.833333333333333,0.5714285714285711,0.7337683150183151,0.727260710519639,pretrained_embeddings_spacy,50
2,recall,0.9500000000000001,0.6923076923076921,0.85,0.5,0.625,0.7368421052631571,0.5,0.555555555555555,0.7894736842105261,0.8,0.699917903733693,0.7142857142857141,pretrained_embeddings_spacy,50
2,f1-score,0.9047619047619041,0.620689655172413,0.829268292682926,0.555555555555555,0.7142857142857141,0.6829268292682921,0.6060606060606061,0.6666666666666661,0.8108108108108101,0.6666666666666661,0.705769270193155,0.7107769458784711,pretrained_embeddings_spacy,50
3,precision,0.703703703703703,0.625,0.9500000000000001,0.5454545454545451,0.8,0.6190476190476191,0.818181818181818,0.75,0.75,0.636363636363636,0.719775132275132,0.7164343978332071,pretrained_embeddings_spacy,50
3,recall,0.9500000000000001,0.384615384615384,0.9500000000000001,0.6000000000000001,0.5,0.684210526315789,0.45,0.6666666666666661,0.9473684210526311,0.7000000000000001,0.6832860998650471,0.708333333333333,pretrained_embeddings_spacy,50
3,f1-score,0.8085106382978721,0.47619047619047605,0.9500000000000001,0.5714285714285711,0.6153846153846151,0.65,0.5806451612903221,0.7058823529411761,0.8372093023255811,0.6666666666666661,0.6861917784525281,0.6980267368326091,pretrained_embeddings_spacy,50
1,precision,0.7826086956521741,0.21428571428571402,0.769230769230769,0.28571428571428503,0.0,0.5454545454545451,1.0,0.5,0.9,0.2,0.5197294010337491,0.5684549146505661,pretrained_embeddings_spacy,60
1,recall,0.9,0.461538461538461,1.0,0.7000000000000001,0.0,0.631578947368421,0.1,0.11111111111111101,0.47368421052631504,0.05,0.44279127305443006,0.494047619047619,pretrained_embeddings_spacy,60
1,f1-score,0.8372093023255811,0.292682926829268,0.8695652173913041,0.40579710144927505,0.0,0.585365853658536,0.18181818181818102,0.18181818181818102,0.620689655172413,0.08,0.40549464204627406,0.451452931027494,pretrained_embeddings_spacy,60
2,precision,0.7916666666666661,0.16666666666666602,0.75,0.30434782608695604,0.5,0.388888888888888,0.133333333333333,0.5,0.46875000000000006,0.0,0.400365338164251,0.39612358379342005,pretrained_embeddings_spacy,60
2,recall,0.9500000000000001,0.07692307692307601,0.6000000000000001,0.7000000000000001,0.5,0.36842105263157804,0.1,0.11111111111111101,0.7894736842105261,0.0,0.41959289248762904,0.446428571428571,pretrained_embeddings_spacy,60
2,f1-score,0.8636363636363631,0.105263157894736,0.6666666666666661,0.42424242424242403,0.5,0.378378378378378,0.114285714285714,0.18181818181818102,0.5882352941176471,0.0,0.382252618104011,0.39730397525620803,pretrained_embeddings_spacy,60
3,precision,0.678571428571428,0.833333333333333,0.636363636363636,0.23076923076923,0.461538461538461,0.583333333333333,0.0,0.0,0.6190476190476191,0.461538461538461,0.45044955044955004,0.46140318015318005,pretrained_embeddings_spacy,60
3,recall,0.9500000000000001,0.384615384615384,0.7000000000000001,0.30000000000000004,0.75,0.7368421052631571,0.0,0.0,0.684210526315789,0.6000000000000001,0.510566801619433,0.529761904761904,pretrained_embeddings_spacy,60
3,f1-score,0.7916666666666661,0.5263157894736841,0.6666666666666661,0.260869565217391,0.5714285714285711,0.651162790697674,0.0,0.0,0.65,0.521739130434782,0.463984918058543,0.48187182998543104,pretrained_embeddings_spacy,60
1,precision,0.0,0.0,0.022222222222222,0.28571428571428503,0.0,0.26315789473684204,0.0,0.0,0.318181818181818,0.07142857142857101,0.096070479228373,0.110909262694976,pretrained_embeddings_spacy,70
1,recall,0.0,0.0,0.05,0.1,0.0,0.26315789473684204,0.0,0.0,0.36842105263157804,0.05,0.083157894736842,0.09523809523809501,pretrained_embeddings_spacy,70
1,f1-score,0.0,0.0,0.03076923076923,0.148148148148148,0.0,0.26315789473684204,0.0,0.0,0.34146341463414603,0.058823529411764004,0.08423622177001301,0.09668228002756901,pretrained_embeddings_spacy,70
2,precision,0.764705882352941,0.0,0.22222222222222202,0.16666666666666602,0.0,0.311111111111111,0.12,0.0,0.0625,0.172413793103448,0.181961967545638,0.21439751427390802,pretrained_embeddings_spacy,70
2,recall,0.65,0.0,0.1,0.2,0.0,0.7368421052631571,0.15,0.0,0.052631578947368,0.25,0.21394736842105203,0.25,pretrained_embeddings_spacy,70
2,f1-score,0.7027027027027021,0.0,0.137931034482758,0.18181818181818102,0.0,0.4375,0.133333333333333,0.0,0.057142857142857,0.204081632653061,0.18545097421328902,0.21783066658044603,pretrained_embeddings_spacy,70
3,precision,0.07142857142857101,0.2,0.022727272727272003,0.10714285714285701,0.0,0.6666666666666661,0.5,0.0,0.464285714285714,0.09090909090909001,0.21231601731601701,0.23769197072768503,pretrained_embeddings_spacy,70
3,recall,0.05,0.384615384615384,0.05,0.15,0.0,0.210526315789473,0.30000000000000004,0.0,0.684210526315789,0.05,0.18793522267206403,0.20238095238095202,pretrained_embeddings_spacy,70
3,f1-score,0.058823529411764004,0.26315789473684204,0.03125,0.125,0.0,0.32,0.37499999999999906,0.0,0.553191489361702,0.06451612903225801,0.179093904254256,0.19704454820435502,pretrained_embeddings_spacy,70
1,precision,1.0,0.6666666666666661,0.9523809523809521,1.0,0.7142857142857141,0.894736842105263,0.833333333333333,0.8571428571428571,1.0,0.9500000000000001,0.8868546365914781,0.9095804988662131,supervised_embeddings,0
1,recall,1.0,0.769230769230769,1.0,0.9500000000000001,0.625,0.894736842105263,1.0,0.6666666666666661,0.842105263157894,0.9500000000000001,0.8697739541160591,0.9047619047619041,supervised_embeddings,0
1,f1-score,1.0,0.7142857142857141,0.9756097560975611,0.9743589743589741,0.6666666666666661,0.894736842105263,0.9090909090909091,0.75,0.914285714285714,0.9500000000000001,0.8749034576890801,0.9042956486989581,supervised_embeddings,0
2,precision,1.0,0.7000000000000001,0.9523809523809521,0.9500000000000001,0.7000000000000001,0.7916666666666661,0.833333333333333,1.0,1.0,1.0,0.8927380952380951,0.9074759070294781,supervised_embeddings,0
2,recall,1.0,0.538461538461538,1.0,0.9500000000000001,0.875,1.0,1.0,0.555555555555555,0.7894736842105261,0.9500000000000001,0.8658490778227621,0.8988095238095231,supervised_embeddings,0
2,f1-score,1.0,0.6086956521739131,0.9756097560975611,0.9500000000000001,0.777777777777777,0.883720930232558,0.9090909090909091,0.7142857142857141,0.8823529411764701,0.9743589743589741,0.8675892655193871,0.8946454373617551,supervised_embeddings,0
3,precision,1.0,0.625,0.8695652173913041,1.0,0.7000000000000001,0.7391304347826081,0.826086956521739,1.0,1.0,0.826086956521739,0.8585869565217391,0.8702575051759831,supervised_embeddings,0
3,recall,0.9500000000000001,0.384615384615384,1.0,0.75,0.875,0.894736842105263,0.9500000000000001,0.6666666666666661,0.9473684210526311,0.9500000000000001,0.836838731443994,0.863095238095238,supervised_embeddings,0
3,f1-score,0.9743589743589741,0.47619047619047605,0.9302325581395341,0.8571428571428571,0.777777777777777,0.8095238095238091,0.883720930232558,0.8,0.972972972972973,0.883720930232558,0.836564128657152,0.857521799299207,supervised_embeddings,0
1,precision,1.0,0.5625,1.0,0.9523809523809521,0.6666666666666661,1.0,0.9090909090909091,0.8571428571428571,0.894736842105263,1.0,0.8842518227386641,0.914223549268192,supervised_embeddings,10
1,recall,1.0,0.6923076923076921,1.0,1.0,0.75,0.7368421052631571,1.0,0.6666666666666661,0.894736842105263,1.0,0.8740553306342771,0.9047619047619041,supervised_embeddings,10
1,f1-score,1.0,0.620689655172413,1.0,0.9756097560975611,0.7058823529411761,0.8484848484848481,0.9523809523809521,0.75,0.894736842105263,1.0,0.8747784407182211,0.905637206140197,supervised_embeddings,10
2,precision,1.0,0.5714285714285711,1.0,1.0,0.7000000000000001,0.8571428571428571,0.7916666666666661,1.0,1.0,1.0,0.8920238095238091,0.9115929705215411,supervised_embeddings,10
2,recall,1.0,0.6153846153846151,1.0,1.0,0.875,0.9473684210526311,0.9500000000000001,0.555555555555555,0.842105263157894,0.9,0.8685413855150691,0.8988095238095231,supervised_embeddings,10
2,f1-score,1.0,0.592592592592592,1.0,1.0,0.777777777777777,0.9,0.8636363636363631,0.7142857142857141,0.914285714285714,0.9473684210526311,0.8709946583630791,0.899083462022058,supervised_embeddings,10
3,precision,1.0,0.6923076923076921,0.8695652173913041,1.0,0.875,0.7894736842105261,0.678571428571428,1.0,0.8888888888888881,0.9444444444444441,0.873825135581428,0.8734554208156691,supervised_embeddings,10
3,recall,1.0,0.6923076923076921,1.0,0.85,0.875,0.7894736842105261,0.9500000000000001,0.44444444444444403,0.842105263157894,0.85,0.8293331084120551,0.8571428571428571,supervised_embeddings,10
3,f1-score,1.0,0.6923076923076921,0.9302325581395341,0.9189189189189181,0.875,0.7894736842105261,0.7916666666666661,0.6153846153846151,0.864864864864864,0.894736842105263,0.837258584259808,0.855249962425605,supervised_embeddings,10
1,precision,0.9523809523809521,0.7142857142857141,1.0,1.0,0.833333333333333,0.842105263157894,0.769230769230769,0.833333333333333,1.0,0.9500000000000001,0.8894669365721991,0.904075091575091,supervised_embeddings,20
1,recall,1.0,0.769230769230769,1.0,0.9500000000000001,0.625,0.842105263157894,1.0,0.555555555555555,0.894736842105263,0.9500000000000001,0.8586628430049481,0.8988095238095231,supervised_embeddings,20
1,f1-score,0.9756097560975611,0.74074074074074,1.0,0.9743589743589741,0.7142857142857141,0.842105263157894,0.8695652173913041,0.6666666666666661,0.9444444444444441,0.9500000000000001,0.86777767771433,0.8968990401506931,supervised_embeddings,20
2,precision,1.0,0.636363636363636,0.9523809523809521,1.0,0.75,0.8823529411764701,0.6666666666666661,0.7142857142857141,0.9444444444444441,0.8636363636363631,0.8410130718954241,0.863476956439141,supervised_embeddings,20
2,recall,0.9500000000000001,0.538461538461538,1.0,0.75,0.75,0.7894736842105261,1.0,0.555555555555555,0.894736842105263,0.9500000000000001,0.8178227620332881,0.851190476190476,supervised_embeddings,20
2,f1-score,0.9743589743589741,0.583333333333333,0.9756097560975611,0.8571428571428571,0.75,0.833333333333333,0.8,0.625,0.9189189189189191,0.9047619047619041,0.8222459077946881,0.8496344998413811,supervised_embeddings,20
3,precision,1.0,0.5,0.8,0.8571428571428571,0.636363636363636,0.7368421052631571,0.72,0.833333333333333,0.9411764705882351,0.7619047619047611,0.778676316459598,0.7961560381728441,supervised_embeddings,20
3,recall,1.0,0.384615384615384,1.0,0.6000000000000001,0.875,0.7368421052631571,0.9,0.555555555555555,0.842105263157894,0.8,0.7694118308591991,0.7916666666666661,supervised_embeddings,20
3,f1-score,1.0,0.43478260869565205,0.8888888888888891,0.7058823529411761,0.7368421052631571,0.7368421052631571,0.799999999999999,0.6666666666666661,0.8888888888888881,0.780487804878048,0.7639281421485631,0.7853629796321421,supervised_embeddings,20
1,precision,0.9523809523809521,0.538461538461538,0.9090909090909091,0.9444444444444441,0.75,1.0,0.625,1.0,0.85,0.9375,0.850687784437784,0.8602281316567031,supervised_embeddings,30
1,recall,1.0,0.538461538461538,1.0,0.85,0.75,0.7894736842105261,1.0,0.33333333333333304,0.894736842105263,0.75,0.790600539811066,0.833333333333333,supervised_embeddings,30
1,f1-score,0.9756097560975611,0.538461538461538,0.9523809523809521,0.894736842105263,0.75,0.8823529411764701,0.769230769230769,0.5,0.871794871794871,0.833333333333333,0.7967901004580761,0.8293728661274581,supervised_embeddings,30
2,precision,1.0,0.6666666666666661,0.833333333333333,1.0,0.8,0.923076923076923,0.542857142857142,0.833333333333333,0.9444444444444441,0.8095238095238091,0.8353235653235651,0.8438324902610611,supervised_embeddings,30
2,recall,0.9500000000000001,0.6153846153846151,1.0,0.75,0.5,0.631578947368421,0.9500000000000001,0.555555555555555,0.894736842105263,0.85,0.769725596041385,0.8095238095238091,supervised_embeddings,30
2,f1-score,0.9743589743589741,0.64,0.9090909090909091,0.8571428571428571,0.6153846153846151,0.7499999999999991,0.69090909090909,0.6666666666666661,0.9189189189189191,0.829268292682926,0.7851740325154951,0.81052344563233,supervised_embeddings,30
3,precision,1.0,0.5,0.8636363636363631,0.818181818181818,0.8571428571428571,0.7894736842105261,0.6551724137931031,0.8,0.9473684210526311,0.708333333333333,0.793930889135063,0.800378699024019,supervised_embeddings,30
3,recall,1.0,0.461538461538461,0.9500000000000001,0.45,0.75,0.7894736842105261,0.9500000000000001,0.44444444444444403,0.9473684210526311,0.85,0.759282501124606,0.7916666666666661,supervised_embeddings,30
3,f1-score,1.0,0.48000000000000004,0.9047619047619041,0.5806451612903221,0.799999999999999,0.7894736842105261,0.7755102040816321,0.5714285714285711,0.9473684210526311,0.772727272727272,0.762191521955286,0.7824746904766651,supervised_embeddings,30
1,precision,0.9523809523809521,0.5714285714285711,0.6451612903225801,0.75,0.8,0.833333333333333,0.56,1.0,0.9473684210526311,0.846153846153846,0.790582641467191,0.784141824637216,supervised_embeddings,40
1,recall,1.0,0.6153846153846151,1.0,0.75,0.5,0.7894736842105261,0.7000000000000001,0.22222222222222202,0.9473684210526311,0.55,0.7074448942869991,0.75595238095238,supervised_embeddings,40
1,f1-score,0.9756097560975611,0.592592592592592,0.7843137254901961,0.75,0.6153846153846151,0.8108108108108101,0.622222222222222,0.36363636363636304,0.9473684210526311,0.6666666666666661,0.712860517395365,0.745721194728846,supervised_embeddings,40
2,precision,1.0,0.6666666666666661,0.772727272727272,0.777777777777777,0.5,0.9375,0.6666666666666661,0.75,0.818181818181818,0.842105263157894,0.773162546517809,0.7973819096351991,supervised_embeddings,40
2,recall,0.9500000000000001,0.461538461538461,0.85,0.7000000000000001,0.75,0.7894736842105261,0.9,0.33333333333333304,0.9473684210526311,0.8,0.7481713900134951,0.785714285714285,supervised_embeddings,40
2,f1-score,0.9743589743589741,0.5454545454545451,0.8095238095238091,0.7368421052631571,0.6000000000000001,0.8571428571428571,0.7659574468085101,0.461538461538461,0.8780487804878041,0.82051282051282,0.7449379801090941,0.7806982112445431,supervised_embeddings,40
3,precision,1.0,0.5,0.529411764705882,0.5714285714285711,0.8571428571428571,0.684210526315789,0.6000000000000001,0.7142857142857141,0.875,0.481481481481481,0.6812960915360291,0.672959229988291,supervised_embeddings,40
3,recall,0.9,0.23076923076923,0.9,0.4,0.75,0.684210526315789,0.6000000000000001,0.555555555555555,0.7368421052631571,0.65,0.640737741790373,0.6547619047619041,supervised_embeddings,40
3,f1-score,0.9473684210526311,0.31578947368421,0.6666666666666661,0.47058823529411703,0.799999999999999,0.684210526315789,0.6000000000000001,0.625,0.799999999999999,0.553191489361702,0.6462814812375111,0.649324758365459,supervised_embeddings,40
1,precision,0.8095238095238091,0.8571428571428571,0.75,0.5,0.6000000000000001,0.647058823529411,0.52,0.6666666666666661,0.7272727272727271,0.5,0.657766488413547,0.652652576181988,supervised_embeddings,50
1,recall,0.85,0.461538461538461,0.9,0.4,0.75,0.5789473684210521,0.65,0.44444444444444403,0.842105263157894,0.5,0.637703553756185,0.6488095238095231,supervised_embeddings,50
1,f1-score,0.829268292682926,0.6000000000000001,0.818181818181818,0.44444444444444403,0.6666666666666661,0.611111111111111,0.5777777777777771,0.533333333333333,0.780487804878048,0.5,0.636127124907612,0.6414711868980161,supervised_embeddings,50
2,precision,0.894736842105263,0.625,0.625,0.5263157894736841,0.33333333333333304,0.5714285714285711,0.31372549019607804,0.5,0.8571428571428571,0.47058823529411703,0.57172711189739,0.5895348270887301,supervised_embeddings,50
2,recall,0.85,0.384615384615384,0.5,0.5,0.25,0.421052631578947,0.8,0.22222222222222202,0.631578947368421,0.4,0.49594691857849704,0.535714285714285,supervised_embeddings,50
2,f1-score,0.871794871794871,0.47619047619047605,0.555555555555555,0.512820512820512,0.28571428571428503,0.48484848484848403,0.450704225352112,0.30769230769230704,0.7272727272727271,0.432432432432432,0.510502587967376,0.540130215683535,supervised_embeddings,50
3,precision,0.769230769230769,0.5,0.7142857142857141,0.41176470588235203,1.0,0.611111111111111,0.529411764705882,0.5714285714285711,0.6190476190476191,0.375,0.6101280255692021,0.589343643440282,supervised_embeddings,50
3,recall,1.0,0.15384615384615302,0.75,0.35000000000000003,0.625,0.5789473684210521,0.45,0.44444444444444403,0.684210526315789,0.6000000000000001,0.563644849302744,0.583333333333333,supervised_embeddings,50
3,f1-score,0.8695652173913041,0.23529411764705802,0.73170731707317,0.378378378378378,0.769230769230769,0.5945945945945941,0.486486486486486,0.5,0.65,0.461538461538461,0.5676795342340221,0.570913596416138,supervised_embeddings,50
1,precision,0.636363636363636,0.7142857142857141,0.478260869565217,0.25,0.6000000000000001,1.0,0.30769230769230704,0.5,0.6000000000000001,0.6000000000000001,0.568660252790687,0.5620955390365321,supervised_embeddings,60
1,recall,0.7000000000000001,0.384615384615384,0.55,0.35000000000000003,0.375,0.210526315789473,0.6000000000000001,0.555555555555555,0.7894736842105261,0.15,0.466517094017094,0.470238095238095,supervised_embeddings,60
1,f1-score,0.6666666666666661,0.5,0.511627906976744,0.291666666666666,0.461538461538461,0.347826086956521,0.406779661016949,0.5263157894736841,0.6818181818181811,0.24,0.46342394211138704,0.457304815064468,supervised_embeddings,60
2,precision,0.75,0.28571428571428503,0.5,0.478260869565217,0.25,0.30952380952380903,0.26315789473684204,1.0,1.0,0.5,0.5336656859540151,0.532283412983805,supervised_embeddings,60
2,recall,0.75,0.15384615384615302,0.30000000000000004,0.55,0.25,0.684210526315789,0.5,0.33333333333333304,0.5789473684210521,0.1,0.42003373819163203,0.446428571428571,supervised_embeddings,60
2,f1-score,0.75,0.2,0.37499999999999906,0.511627906976744,0.25,0.426229508196721,0.344827586206896,0.5,0.7333333333333331,0.16666666666666602,0.425768500138036,0.44103653086950706,supervised_embeddings,60
3,precision,0.703703703703703,0.5,0.5625,0.27272727272727204,0.4,0.47058823529411703,0.33333333333333304,0.8,0.5714285714285711,0.47368421052631504,0.5087965327013311,0.497721962699664,supervised_embeddings,60
3,recall,0.9500000000000001,0.15384615384615302,0.45,0.30000000000000004,0.25,0.842105263157894,0.25,0.44444444444444403,0.631578947368421,0.45,0.47219748088169106,0.5,supervised_embeddings,60
3,f1-score,0.8085106382978721,0.23529411764705802,0.5,0.28571428571428503,0.30769230769230704,0.60377358490566,0.28571428571428503,0.5714285714285711,0.6000000000000001,0.461538461538461,0.46596662529385,0.478359944478053,supervised_embeddings,60
1,precision,0.538461538461538,0.45454545454545403,0.33333333333333304,0.257142857142857,1.0,0.27272727272727204,0.11363636363636301,0.28571428571428503,0.7000000000000001,0.16666666666666602,0.41222277722277706,0.37587590980448105,supervised_embeddings,70
1,recall,0.7000000000000001,0.384615384615384,0.1,0.45,0.125,0.31578947368421,0.25,0.22222222222222202,0.36842105263157804,0.05,0.296604813315339,0.30952380952380903,supervised_embeddings,70
1,f1-score,0.6086956521739131,0.416666666666666,0.15384615384615302,0.32727272727272705,0.22222222222222202,0.292682926829268,0.15625,0.25,0.482758620689655,0.07692307692307601,0.29873180466236804,0.301414202688222,supervised_embeddings,70
2,precision,0.6666666666666661,0.6666666666666661,0.21875000000000003,0.291666666666666,0.5,0.42857142857142805,0.133333333333333,0.0,1.0,0.277777777777777,0.41834325396825306,0.42603221844293204,supervised_embeddings,70
2,recall,0.6000000000000001,0.15384615384615302,0.7000000000000001,0.35000000000000003,0.125,0.47368421052631504,0.1,0.0,0.157894736842105,0.25,0.29104251012145704,0.32738095238095205,supervised_embeddings,70
2,f1-score,0.631578947368421,0.25,0.33333333333333304,0.318181818181818,0.2,0.45,0.114285714285714,0.0,0.27272727272727204,0.26315789473684204,0.28332649806334004,0.30828912107107603,supervised_embeddings,70
3,precision,0.518518518518518,0.2,0.25,0.25,0.33333333333333304,0.538461538461538,0.208333333333333,0.09090909090909001,0.310344827586206,0.21428571428571402,0.29141863564277304,0.30377929025301703,supervised_embeddings,70
3,recall,0.7000000000000001,0.23076923076923,0.30000000000000004,0.1,0.125,0.36842105263157804,0.25,0.11111111111111101,0.47368421052631504,0.15,0.280898560503823,0.30357142857142805,supervised_embeddings,70
3,f1-score,0.595744680851063,0.21428571428571402,0.27272727272727204,0.14285714285714202,0.18181818181818102,0.4375,0.22727272727272702,0.099999999999999,0.375,0.17647058823529402,0.272367630804739,0.29094766654243903,supervised_embeddings,70
